Pages,URL,HRef,Visits,% Visits
"Home - Innovation, Science and Economic Development Canada",http://www.ic.gc.ca/eic/site/icgc.nsf/eng/home,http://www.ic.gc.ca/eic/site/icgc.nsf/eng/home,278076,0.47176
"Contact Innovation, Science and Economic Development Canada - Innovation, Science and Economic Development Canada",http://www.ic.gc.ca/eic/site/icgc.nsf/eng/h_07026.html,http://www.ic.gc.ca/eic/site/icgc.nsf/eng/h_07026.html,71934,0.12204
"Accueil - Innovation, Sciences et Développement économique Canada",http://www.ic.gc.ca/eic/site/icgc.nsf/fra/accueil,http://www.ic.gc.ca/eic/site/icgc.nsf/fra/accueil,71558,0.1214
Access your account - My ISED Account - ISED,http://www.ic.gc.ca/app/scr/registration-inscription/home.html?lang=eng,http://www.ic.gc.ca/app/scr/registration-inscription/home.html?lang=eng,19927,0.03381
Access your account - My ISED Account - ISED,http://strategis.ic.gc.ca/app/scr/registration-inscription/home.html?lang=eng,http://strategis.ic.gc.ca/app/scr/registration-inscription/home.html?lang=eng,16751,0.02842
Financing - Maps - Industry Canada,http://www.ic.gc.ca/app/scr/cmb-dgcm/poi-pi/mp.html?lang=eng&tpcId=1,http://www.ic.gc.ca/app/scr/cmb-dgcm/poi-pi/mp.html?lang=eng&tpcId=1,14390,0.02441
"Contactez Innovation, Sciences et Développement économique Canada - Innovation, Sciences et Développement économique Canada",http://www.ic.gc.ca/eic/site/icgc.nsf/fra/h_07026.html,http://www.ic.gc.ca/eic/site/icgc.nsf/fra/h_07026.html,11961,0.02029
"Canada Business App - Innovation, Science and Economic Development Canada",http://www.ic.gc.ca/eic/site/icgc.nsf/eng/h_07670.html,http://www.ic.gc.ca/eic/site/icgc.nsf/eng/h_07670.html,9201,0.01561
"Terms and conditions - Innovation, Science and Economic Development Canada",http://www.ic.gc.ca/eic/site/icgc.nsf/eng/h_07033.html,http://www.ic.gc.ca/eic/site/icgc.nsf/eng/h_07033.html,8817,0.01496
"List of Readers/Viewers - Innovation, Science and Economic Development Canada",http://www.ic.gc.ca/eic/site/icgc.nsf/eng/07134.html,http://www.ic.gc.ca/eic/site/icgc.nsf/eng/07134.html,8539,0.01449
"Programs and initiatives - Innovation, Science and Economic Development Canada",http://www.ic.gc.ca/eic/site/icgc.nsf/eng/h_07654.html,http://www.ic.gc.ca/eic/site/icgc.nsf/eng/h_07654.html,6464,0.01097
Access your account - My ISED Account - ISED,http://www.ic.gc.ca/app/scr/registration-inscription/home.html,http://www.ic.gc.ca/app/scr/registration-inscription/home.html,5590,0.00948
"Senior officials and sectors - Innovation, Science and Economic Development Canada",http://www.ic.gc.ca/eic/site/icgc.nsf/eng/h_00019.html,http://www.ic.gc.ca/eic/site/icgc.nsf/eng/h_00019.html,5099,0.00865
Accéder à votre compte - Mon compte à Industrie Canada - Industrie Canada,http://www.ic.gc.ca/app/scr/registration-inscription/accueil.html?lang=fra,http://www.ic.gc.ca/app/scr/registration-inscription/accueil.html?lang=fra,4677,0.00793
"Innovation, Science and Economic Development portfolio - Innovation, Science and Economic Development Canada",http://www.ic.gc.ca/eic/site/icgc.nsf/eng/h_00022.html,http://www.ic.gc.ca/eic/site/icgc.nsf/eng/h_00022.html,4524,0.00767
"Our ministers - Innovation, Science and Economic Development Canada",http://www.ic.gc.ca/eic/site/icgc.nsf/eng/h_00279.html,http://www.ic.gc.ca/eic/site/icgc.nsf/eng/h_00279.html,3966,0.00673
"Canada's Regional Development Agencies - Innovation, Science and Economic Development Canada",http://www.ic.gc.ca/eic/site/icgc.nsf/eng/h_07662.html,http://www.ic.gc.ca/eic/site/icgc.nsf/eng/h_07662.html,3608,0.00612
Matching username(s) - My ISED Account - ISED,http://www.ic.gc.ca/app/scr/registration-inscription/ForgotUsername.html,http://www.ic.gc.ca/app/scr/registration-inscription/ForgotUsername.html,2531,0.00429
"Conditions - Innovation, Sciences et Développement économique Canada",http://www.ic.gc.ca/eic/site/icgc.nsf/fra/h_07033.html,http://www.ic.gc.ca/eic/site/icgc.nsf/fra/h_07033.html,2197,0.00373
"Appli Entreprises Canada - Innovation, Sciences et Développement économique Canada",http://www.ic.gc.ca/eic/site/icgc.nsf/fra/h_07670.html,http://www.ic.gc.ca/eic/site/icgc.nsf/fra/h_07670.html,1939,0.00329
Accéder à votre compte - Mon compte à Industrie Canada - Industrie Canada,http://strategis.ic.gc.ca/app/scr/registration-inscription/home.html?lang=fra,http://strategis.ic.gc.ca/app/scr/registration-inscription/home.html?lang=fra,1893,0.00321
"Search - Innovation, Science and Economic Development Canada",http://www.ic.gc.ca/eic/site/icgc.nsf/eng/06957.html,http://www.ic.gc.ca/eic/site/icgc.nsf/eng/06957.html,1836,0.00311
"John Knubley - Innovation, Science and Economic Development Canada",http://www.ic.gc.ca/eic/site/icgc.nsf/eng/h_07015.html,http://www.ic.gc.ca/eic/site/icgc.nsf/eng/h_07015.html,1832,0.00311
"Liste de lecteurs et visualiseurs - Innovation, Sciences et Développement économique Canada",http://www.ic.gc.ca/eic/site/icgc.nsf/fra/07134.html,http://www.ic.gc.ca/eic/site/icgc.nsf/fra/07134.html,1793,0.00304
Financement - Cartes - Industrie Canada,http://www.ic.gc.ca/app/scr/cmb-dgcm/poi-pi/mp.html?lang=fra&tpcId=1,http://www.ic.gc.ca/app/scr/cmb-dgcm/poi-pi/mp.html?lang=fra&tpcId=1,1761,0.00299
"Our organization - Innovation, Science and Economic Development Canada",http://www.ic.gc.ca/eic/site/icgc.nsf/eng/h_00007.html,http://www.ic.gc.ca/eic/site/icgc.nsf/eng/h_00007.html,1581,0.00268
Créer un compte - étape 1 de 2 - Mon compte à Industrie Canada - Industrie Canada,http://www.ic.gc.ca/app/scr/registration-inscription/register_email.html,http://www.ic.gc.ca/app/scr/registration-inscription/register_email.html,1442,0.00245
"Programmes et initiatives - Innovation, Sciences et Développement économique Canada",http://www.ic.gc.ca/eic/site/icgc.nsf/fra/h_07654.html,http://www.ic.gc.ca/eic/site/icgc.nsf/fra/h_07654.html,1250,0.00212
"Mandate - Innovation, Science and Economic Development Canada",http://www.ic.gc.ca/eic/site/icgc.nsf/eng/h_00018.html,http://www.ic.gc.ca/eic/site/icgc.nsf/eng/h_00018.html,1181,0.002
"Contact us by mail - Innovation, Science and Economic Development Canada",http://www.ic.gc.ca/eic/site/icgc.nsf/eng/07150.html,http://www.ic.gc.ca/eic/site/icgc.nsf/eng/07150.html,1142,0.00194
"Portefeuille de l'Innovation, Sciences et Développement économique - Innovation, Sciences et Développement économique Canada",http://www.ic.gc.ca/eic/site/icgc.nsf/fra/h_00022.html,http://www.ic.gc.ca/eic/site/icgc.nsf/fra/h_00022.html,927,0.00157
Créer un compte - étape 1 de 2 - Mon compte à Industrie Canada - Industrie Canada,http://www.ic.gc.ca/app/scr/registration-inscription/CreerUnCompte.html?lang=fra,http://www.ic.gc.ca/app/scr/registration-inscription/CreerUnCompte.html?lang=fra,910,0.00154
"Nos ministres - Innovation, Sciences et Développement économique Canada",http://www.ic.gc.ca/eic/site/icgc.nsf/fra/h_00279.html,http://www.ic.gc.ca/eic/site/icgc.nsf/fra/h_00279.html,895,0.00152
"Innovation, Science and Economic Development Canada: Internet and Electronic Network Usage Policy - Innovation, Science and Economic Development Canada",http://www.ic.gc.ca/eic/site/icgc.nsf/eng/h_07652.html,http://www.ic.gc.ca/eic/site/icgc.nsf/eng/h_07652.html,769,0.0013
"Forms, reports, guides … - Innovation, Science and Economic Development Canada",http://www.ic.gc.ca/eic/site/icgc.nsf/eng/h_07111.html,http://www.ic.gc.ca/eic/site/icgc.nsf/eng/h_07111.html,757,0.00128
"About copyright - Innovation, Science and Economic Development Canada",http://www.ic.gc.ca/eic/site/icgc.nsf/eng/07415.html,http://www.ic.gc.ca/eic/site/icgc.nsf/eng/07415.html,692,0.00117
"Privacy notice - Innovation, Science and Economic Development Canada",http://www.ic.gc.ca/eic/site/icgc.nsf/eng/07139.html,http://www.ic.gc.ca/eic/site/icgc.nsf/eng/07139.html,658,0.00112
Create an account - success - My ISED Account - ISED,http://www.ic.gc.ca/app/scr/registration-inscription/success.html,http://www.ic.gc.ca/app/scr/registration-inscription/success.html,626,0.00106
Accéder à votre compte - Mon compte à Industrie Canada - Industrie Canada,http://www.ic.gc.ca/app/scr/registration-inscription/home.html?lang=fra,http://www.ic.gc.ca/app/scr/registration-inscription/home.html?lang=fra,608,0.00103
"David McGovern - Innovation, Science and Economic Development Canada",http://www.ic.gc.ca/eic/site/icgc.nsf/eng/h_07016.html,http://www.ic.gc.ca/eic/site/icgc.nsf/eng/h_07016.html,567,0.00096
Create an account - success - My ISED Account - ISED,http://strategis.ic.gc.ca/app/scr/registration-inscription/success.html,http://strategis.ic.gc.ca/app/scr/registration-inscription/success.html,550,0.00093
"À propos du droit d'auteur - Innovation, Sciences et Développement économique Canada",http://www.ic.gc.ca/eic/site/icgc.nsf/fra/07415.html,http://www.ic.gc.ca/eic/site/icgc.nsf/fra/07415.html,544,0.00092
"Guylaine Roy - Innovation, Science and Economic Development Canada",http://www.ic.gc.ca/eic/site/icgc.nsf/eng/h_07661.html,http://www.ic.gc.ca/eic/site/icgc.nsf/eng/h_07661.html,512,0.00087
"Les agences de développement régional du Canada - Innovation, Sciences et Développement économique Canada",http://www.ic.gc.ca/eic/site/icgc.nsf/fra/h_07662.html,http://www.ic.gc.ca/eic/site/icgc.nsf/fra/h_07662.html,488,0.00083
"Hauts fonctionnaires et les secteurs - Innovation, Sciences et Développement économique Canada",http://www.ic.gc.ca/eic/site/icgc.nsf/fra/h_00019.html,http://www.ic.gc.ca/eic/site/icgc.nsf/fra/h_00019.html,477,0.00081
,http://www.ic.gc.ca/app/scr/cmb-dgcm/poi-pi/mp.html?lang=eng&tpcId=101,http://www.ic.gc.ca/app/scr/cmb-dgcm/poi-pi/mp.html?lang=eng&tpcId=101,443,0.00075
"About us - Innovation, Science and Economic Development Canada",http://www.ic.gc.ca/eic/site/icgc.nsf/eng/h_07017.html,http://www.ic.gc.ca/eic/site/icgc.nsf/eng/h_07017.html,435,0.00074
Investments in Canadian Post-Secondary Institutions - Maps - Industry Canada,http://www.ic.gc.ca/app/scr/cmb-dgcm/poi-pi/mp.html?lang=eng&tpcId=241,http://www.ic.gc.ca/app/scr/cmb-dgcm/poi-pi/mp.html?lang=eng&tpcId=241,432,0.00073
"Public consultations - Innovation, Science and Economic Development Canada",http://www.ic.gc.ca/eic/site/icgc.nsf/eng/h_02888.html,http://www.ic.gc.ca/eic/site/icgc.nsf/eng/h_02888.html,418,0.00071
Create an account - step 2 of 2 - My ISED Account - ISED,http://strategis.ic.gc.ca/app/scr/registration-inscription/register.html,http://strategis.ic.gc.ca/app/scr/registration-inscription/register.html,401,0.00068
Access your account - My ISED Account - ISED,http://strategis.ic.gc.ca/app/scr/registration-inscription/home.html,http://strategis.ic.gc.ca/app/scr/registration-inscription/home.html,391,0.00066
"Subscribe to receive newsletters and email updates - Innovation, Science and Economic Development Canada",http://www.ic.gc.ca/eic/site/icgc.nsf/eng/h_07034.html,http://www.ic.gc.ca/eic/site/icgc.nsf/eng/h_07034.html,378,0.00064
Create an account - step 1 of 2 - My ISED Account - ISED,http://www.ic.gc.ca/app/scr/registration-inscription/register_email.html?lang=eng,http://www.ic.gc.ca/app/scr/registration-inscription/register_email.html?lang=eng,371,0.00063
"Mandat - Innovation, Sciences et Développement économique Canada",http://www.ic.gc.ca/eic/site/icgc.nsf/fra/h_00018.html,http://www.ic.gc.ca/eic/site/icgc.nsf/fra/h_00018.html,370,0.00063
Create an account - step 2 of 2 - My ISED Account - ISED,http://www.ic.gc.ca/app/scr/registration-inscription/register.html,http://www.ic.gc.ca/app/scr/registration-inscription/register.html,359,0.00061
Industries and business - Maps - Industry Canada,http://www.ic.gc.ca/app/scr/cmb-dgcm/poi-pi/mp.html?lang=eng&tpcId=5,http://www.ic.gc.ca/app/scr/cmb-dgcm/poi-pi/mp.html?lang=eng&tpcId=5,352,0.0006
"Paul Thompson - Innovation, Science and Economic Development Canada",http://www.ic.gc.ca/eic/site/icgc.nsf/eng/h_07655.html,http://www.ic.gc.ca/eic/site/icgc.nsf/eng/h_07655.html,337,0.00057
"Stay connected - Innovation, Science and Economic Development Canada",http://www.ic.gc.ca/eic/site/icgc.nsf/eng/h_07031.html,http://www.ic.gc.ca/eic/site/icgc.nsf/eng/h_07031.html,320,0.00054
"Contact us by phone / fax - Innovation, Science and Economic Development Canada",http://www.ic.gc.ca/eic/site/icgc.nsf/eng/07148.html,http://www.ic.gc.ca/eic/site/icgc.nsf/eng/07148.html,301,0.00051
"Contact us by email - Innovation, Science and Economic Development Canada",http://www.ic.gc.ca/eic/site/icgc.nsf/frm-eng/YDES-8VAL9G,http://www.ic.gc.ca/eic/site/icgc.nsf/frm-eng/YDES-8VAL9G,288,0.00049
"Apply for crown copyright clearance - Innovation, Science and Economic Development Canada",http://www.ic.gc.ca/eic/site/icgc.nsf/eng/07413.html,http://www.ic.gc.ca/eic/site/icgc.nsf/eng/07413.html,281,0.00048
"Recherche - Innovation, Sciences et Développement économique Canada",http://www.ic.gc.ca/eic/site/icgc.nsf/fra/06957.html,http://www.ic.gc.ca/eic/site/icgc.nsf/fra/06957.html,258,0.00044
Create an account - step 1 of 2 - My ISED Account - ISED,http://strategis.ic.gc.ca/app/scr/registration-inscription/register_email.html,http://strategis.ic.gc.ca/app/scr/registration-inscription/register_email.html,252,0.00043
"Contactez-nous par la poste - Innovation, Sciences et Développement économique Canada",http://www.ic.gc.ca/eic/site/icgc.nsf/fra/07150.html,http://www.ic.gc.ca/eic/site/icgc.nsf/fra/07150.html,233,0.0004
"Enquiry/Feedback Acknowledgement - Innovation, Science and Economic Development Canada",http://www.ic.gc.ca/eic/site/icgc.nsf/eng/00281.html,http://www.ic.gc.ca/eic/site/icgc.nsf/eng/00281.html,215,0.00036
"Ministers - Innovation, Science and Economic Development Canada",http://www.ic.gc.ca/eic/site/icgc.nsf/eng/00024.html,http://www.ic.gc.ca/eic/site/icgc.nsf/eng/00024.html,184,0.00031
"Home - Innovation, Science and Economic Development Canada",http://www.ic.gc.ca//eic/site/icgc.nsf/eng/home,http://www.ic.gc.ca//eic/site/icgc.nsf/eng/home,182,0.00031
"Guylaine Roy - Innovation, Sciences et Développement économique Canada",http://www.ic.gc.ca/eic/site/icgc.nsf/fra/h_07661.html,http://www.ic.gc.ca/eic/site/icgc.nsf/fra/h_07661.html,180,0.00031
"Policies and research - Innovation, Science and Economic Development Canada",http://www.ic.gc.ca/eic/site/icgc.nsf/eng/h_07024.html,http://www.ic.gc.ca/eic/site/icgc.nsf/eng/h_07024.html,162,0.00027
"Copyright—Written permission - Innovation, Science and Economic Development Canada",http://www.ic.gc.ca/eic/site/icgc.nsf/eng/07414.html,http://www.ic.gc.ca/eic/site/icgc.nsf/eng/07414.html,161,0.00027
700 MHz Spectrum Auction FAQs - 700�MHz Spectrum Auction,http://www.ic.gc.ca/eic/site/ic-gc.nsf/eng/07398.html,http://www.ic.gc.ca/eic/site/ic-gc.nsf/eng/07398.html,158,0.00027
Password reset success - My ISED Account - ISED,http://www.ic.gc.ca/app/scr/registration-inscription/success2.html,http://www.ic.gc.ca/app/scr/registration-inscription/success2.html,155,0.00026
"Canadian Statistics Advisory Council: Biographies - Innovation, Science and Economic Development Canada",http://www.ic.gc.ca/eic/site/icgc.nsf/eng/07671.html,http://www.ic.gc.ca/eic/site/icgc.nsf/eng/07671.html,148,0.00025
"Formulaires, rapports, guides… - Innovation, Sciences et Développement économique Canada",http://www.ic.gc.ca/eic/site/icgc.nsf/fra/h_07111.html,http://www.ic.gc.ca/eic/site/icgc.nsf/fra/h_07111.html,148,0.00025
Créer un compte - réussi - Mon compte à Industrie Canada - Industrie Canada,http://www.ic.gc.ca/app/scr/registration-inscription/CreerUnCompteReussi.html,http://www.ic.gc.ca/app/scr/registration-inscription/CreerUnCompteReussi.html,147,0.00025
"Standards of Service to the Public - Innovation, Science and Economic Development Canada",http://www.ic.gc.ca/eic/site/icgc.nsf/eng/07543.html,http://www.ic.gc.ca/eic/site/icgc.nsf/eng/07543.html,134,0.00023
Update your account - My ISED Account - ISED,http://www.ic.gc.ca/app/scr/registration-inscription/update/update.html,http://www.ic.gc.ca/app/scr/registration-inscription/update/update.html,124,0.00021
"Apply for Crown Copyright Clearance - Innovation, Science and Economic Development Canada",http://www.ic.gc.ca/eic/site/icgc.nsf/frm-eng/EABV-9DDLWL,http://www.ic.gc.ca/eic/site/icgc.nsf/frm-eng/EABV-9DDLWL,112,0.00019
"Notre organisation - Innovation, Sciences et Développement économique Canada",http://www.ic.gc.ca/eic/site/icgc.nsf/fra/h_00007.html,http://www.ic.gc.ca/eic/site/icgc.nsf/fra/h_00007.html,109,0.00018
,http://www.ic.gc.ca/app/scr/cmb-dgcm/poi-pi/mp.html?lang=fra&tpcId=101,http://www.ic.gc.ca/app/scr/cmb-dgcm/poi-pi/mp.html?lang=fra&tpcId=101,105,0.00018
NCP Project Discovery Portal – Current Projects - Maps - Industry Canada,http://www.ic.gc.ca/app/scr/cmb-dgcm/poi-pi/mp.html?lang=eng&tpcId=282,http://www.ic.gc.ca/app/scr/cmb-dgcm/poi-pi/mp.html?lang=eng&tpcId=282,103,0.00017
"Contactez-nous par téléphone / télécopieur - Innovation, Sciences et Développement économique Canada",http://www.ic.gc.ca/eic/site/icgc.nsf/fra/07148.html,http://www.ic.gc.ca/eic/site/icgc.nsf/fra/07148.html,101,0.00017
"Persistent and per-session cookies - Innovation, Science and Economic Development Canada",http://www.ic.gc.ca/eic/site/icgc.nsf/eng/h_07147.html,http://www.ic.gc.ca/eic/site/icgc.nsf/eng/h_07147.html,98,0.00017
We found your username(s) - My ISED Account - ISED,http://www.ic.gc.ca/app/scr/registration-inscription/usernameEmailSuccess.html,http://www.ic.gc.ca/app/scr/registration-inscription/usernameEmailSuccess.html,97,0.00016
"Avis de confidentialité - Innovation, Sciences et Développement économique Canada",http://www.ic.gc.ca/eic/site/icgc.nsf/fra/07139.html,http://www.ic.gc.ca/eic/site/icgc.nsf/fra/07139.html,95,0.00016
"Ministres - Innovation, Sciences et Développement économique Canada",http://www.ic.gc.ca/eic/site/icgc.nsf/fra/00024.html,http://www.ic.gc.ca/eic/site/icgc.nsf/fra/00024.html,91,0.00015
Créer un compte - étape 2 de 2 - Mon compte à Industrie Canada - Industrie Canada,http://www.ic.gc.ca/app/scr/registration-inscription/Creer.html,http://www.ic.gc.ca/app/scr/registration-inscription/Creer.html,90,0.00015
"Restez branchés - Innovation, Sciences et Développement économique Canada",http://www.ic.gc.ca/eic/site/icgc.nsf/fra/h_07031.html,http://www.ic.gc.ca/eic/site/icgc.nsf/fra/h_07031.html,77,0.00013
Accéder à votre compte - Mon compte à Industrie Canada - Industrie Canada,http://strategis.ic.gc.ca/app/scr/registration-inscription/accueil.html?lang=fra,http://strategis.ic.gc.ca/app/scr/registration-inscription/accueil.html?lang=fra,75,0.00013
"Normes pour le service au public - Innovation, Sciences et Développement économique Canada",http://www.ic.gc.ca/eic/site/icgc.nsf/fra/07543.html,http://www.ic.gc.ca/eic/site/icgc.nsf/fra/07543.html,74,0.00013
"Demander l'affranchissement de droit d'auteur - Innovation, Sciences et Développement économique Canada",http://www.ic.gc.ca/eic/site/icgc.nsf/fra/07413.html,http://www.ic.gc.ca/eic/site/icgc.nsf/fra/07413.html,70,0.00012
"À propos de nous - Innovation, Sciences et Développement économique Canada",http://www.ic.gc.ca/eic/site/icgc.nsf/fra/h_07017.html,http://www.ic.gc.ca/eic/site/icgc.nsf/fra/h_07017.html,69,0.00012
"Search - Innovation, Science and Economic Development Canada",http://www1.ic.gc.ca/eic/site/icgc.nsf/eng/06957.html,http://www1.ic.gc.ca/eic/site/icgc.nsf/eng/06957.html,66,0.00011
"Consultations publiques - Innovation, Sciences et Développement économique Canada",http://www.ic.gc.ca/eic/site/icgc.nsf/fra/h_02888.html,http://www.ic.gc.ca/eic/site/icgc.nsf/fra/h_02888.html,66,0.00011
"RSS feeds - Innovation, Science and Economic Development Canada",http://www.ic.gc.ca/eic/site/icgc.nsf/eng/h_07032.html,http://www.ic.gc.ca/eic/site/icgc.nsf/eng/h_07032.html,65,0.00011
Accéder à votre compte - Mon compte à Industrie Canada - Industrie Canada,http://www.ic.gc.ca/app/scr/registration-inscription/accueil.html,http://www.ic.gc.ca/app/scr/registration-inscription/accueil.html,65,0.00011
Créer un compte - réussi - Mon compte à Industrie Canada - Industrie Canada,http://strategis.ic.gc.ca/app/scr/registration-inscription/CreerUnCompteReussi.html,http://strategis.ic.gc.ca/app/scr/registration-inscription/CreerUnCompteReussi.html,63,0.00011
Access your account - My ISED Account - ISED,http://ic.gc.ca/app/scr/registration-inscription/home.html?lang=eng,http://ic.gc.ca/app/scr/registration-inscription/home.html?lang=eng,61,0.0001
"Home - Innovation, Science and Economic Development Canada",http://www1.ic.gc.ca/eic/site/icgc.nsf/eng/home,http://www1.ic.gc.ca/eic/site/icgc.nsf/eng/home,53,9E-05
Investissements pour les pour les établissements postsecondaires Canadiens - Cartes - Industrie Canada,http://www.ic.gc.ca/app/scr/cmb-dgcm/poi-pi/mp.html?lang=fra&tpcId=241,http://www.ic.gc.ca/app/scr/cmb-dgcm/poi-pi/mp.html?lang=fra&tpcId=241,51,9E-05
"Accueil - Innovation, Sciences et Développement économique Canada",http://www.ic.gc.ca//eic/site/icgc.nsf/fra/accueil,http://www.ic.gc.ca//eic/site/icgc.nsf/fra/accueil,50,8E-05
"Renseignements/rétroaction — Accusé de réception - Innovation, Sciences et Développement économique Canada",http://www.ic.gc.ca/eic/site/icgc.nsf/fra/00281.html,http://www.ic.gc.ca/eic/site/icgc.nsf/fra/00281.html,49,8E-05
"Contact Innovation, Science and Economic Development Canada - Innovation, Science and Economic Development Canada",http://www1.ic.gc.ca/eic/site/icgc.nsf/eng/h_07026.html,http://www1.ic.gc.ca/eic/site/icgc.nsf/eng/h_07026.html,49,8E-05
"Politique d’Innovation, Sciences et Développement économique Canada relative à l’utilisation d’Internet et des réseaux électroniques - Innovation, Sciences et Développement économique Canada",http://www.ic.gc.ca/eic/site/icgc.nsf/fra/h_07652.html,http://www.ic.gc.ca/eic/site/icgc.nsf/fra/h_07652.html,47,8E-05
We found your username(s) - My ISED Account - ISED,http://strategis.ic.gc.ca/app/scr/registration-inscription/usernameEmailSuccess.html,http://strategis.ic.gc.ca/app/scr/registration-inscription/usernameEmailSuccess.html,45,8E-05
"Demande d'affranchissement de droit d'auteur - Innovation, Sciences et Développement économique Canada",http://www.ic.gc.ca/eic/site/icgc.nsf/frm-fra/EABV-9DDLWL,http://www.ic.gc.ca/eic/site/icgc.nsf/frm-fra/EABV-9DDLWL,45,8E-05
Answer your challenge question - My ISED Account - ISED,http://www.ic.gc.ca/app/scr/registration-inscription/ForgotPasswordGen.html,http://www.ic.gc.ca/app/scr/registration-inscription/ForgotPasswordGen.html,43,7E-05
"List: Forms, reports, guides... - Innovation, Science and Economic Development Canada",http://www.ic.gc.ca/eic/site/icgc.nsf/eng/07128.html,http://www.ic.gc.ca/eic/site/icgc.nsf/eng/07128.html,43,7E-05
Créer un compte - étape 2 de 2 - Mon compte à Industrie Canada - Industrie Canada,http://strategis.ic.gc.ca/app/scr/registration-inscription/Creer.html,http://strategis.ic.gc.ca/app/scr/registration-inscription/Creer.html,42,7E-05
Accéder à votre compte - Mon compte à Industrie Canada - Industrie Canada,http://strategis.ic.gc.ca/app/scr/registration-inscription/accueil.html,http://strategis.ic.gc.ca/app/scr/registration-inscription/accueil.html,38,6E-05
"John Knubley - Innovation, Sciences et Développement économique Canada",http://www.ic.gc.ca/eic/site/icgc.nsf/fra/h_07015.html,http://www.ic.gc.ca/eic/site/icgc.nsf/fra/h_07015.html,37,6E-05
"Forms, reports, guides … - Innovation, Science and Economic Development Canada",http://www1.ic.gc.ca/eic/site/icgc.nsf/eng/h_07111.html,http://www1.ic.gc.ca/eic/site/icgc.nsf/eng/h_07111.html,36,6E-05
"Contact Innovation, Science and Economic Development Canada - Innovation, Science and Economic Development Canada",http://www.nuans.com/eic/site/icgc.nsf/eng/h_07026.html,http://www.nuans.com/eic/site/icgc.nsf/eng/h_07026.html,35,6E-05
,http://www.ic.gc.ca/Users/chris.robertson/Downloads/us.sitesucker.mac.sitesucker/www.ic.gc.ca/eic/site/icgc.nsf/eng/h_07026.html,http://www.ic.gc.ca/Users/chris.robertson/Downloads/us.sitesucker.mac.sitesucker/www.ic.gc.ca/eic/site/icgc.nsf/eng/h_07026.html,34,6E-05
"Feedback - Innovation, Science and Economic Development Canada",http://www.ic.gc.ca/eic/site/icgc.nsf/frm-eng/VVIK-9A5SHD,http://www.ic.gc.ca/eic/site/icgc.nsf/frm-eng/VVIK-9A5SHD,33,6E-05
"Inscrivez-vous aux bulletins et aux mises à jour par courriel - Innovation, Sciences et Développement économique Canada",http://www.ic.gc.ca/eic/site/icgc.nsf/fra/h_07034.html,http://www.ic.gc.ca/eic/site/icgc.nsf/fra/h_07034.html,29,5E-05
Update your account - My ISED Account - ISED,http://strategis.ic.gc.ca/app/scr/registration-inscription/update/update.html,http://strategis.ic.gc.ca/app/scr/registration-inscription/update/update.html,28,5E-05
"Conseil consultatif canadien de la statistique – Notices biographiques - Innovation, Sciences et Développement économique Canada",http://www.ic.gc.ca/eic/site/icgc.nsf/fra/07671.html,http://www.ic.gc.ca/eic/site/icgc.nsf/fra/07671.html,28,5E-05
"Politiques et recherche - Innovation, Sciences et Développement économique Canada",http://www.ic.gc.ca/eic/site/icgc.nsf/fra/h_07024.html,http://www.ic.gc.ca/eic/site/icgc.nsf/fra/h_07024.html,27,5E-05
"Secretaries/Ministers of State - Innovation, Science and Economic Development Canada",http://www.ic.gc.ca/eic/site/icgc.nsf/eng/00026.html,http://www.ic.gc.ca/eic/site/icgc.nsf/eng/00026.html,26,4E-05
"Kimberly Eadie - Innovation, Science and Economic Development Canada",http://www.ic.gc.ca/eic/site/icgc.nsf/mail/Kimberly_Eadie,http://www.ic.gc.ca/eic/site/icgc.nsf/mail/Kimberly_Eadie,24,4E-05
"Témoins persistants et témoins volatils - Innovation, Sciences et Développement économique Canada",http://www.ic.gc.ca/eic/site/icgc.nsf/fra/h_07147.html,http://www.ic.gc.ca/eic/site/icgc.nsf/fra/h_07147.html,22,4E-05
"Contactez-nous par courriel - Innovation, Sciences et Développement économique Canada",http://www.ic.gc.ca/eic/site/icgc.nsf/frm-fra/YDES-8VAL9G,http://www.ic.gc.ca/eic/site/icgc.nsf/frm-fra/YDES-8VAL9G,21,4E-05
"Liste : formulaires, reports et guides... - Innovation, Sciences et Développement économique Canada",http://www.ic.gc.ca/eic/site/icgc.nsf/fra/07128.html,http://www.ic.gc.ca/eic/site/icgc.nsf/fra/07128.html,19,3E-05
"Home - Innovation, Science and Economic Development Canada",http://www.ic.gc.ca./eic/site/icgc.nsf/eng/home,http://www.ic.gc.ca./eic/site/icgc.nsf/eng/home,18,3E-05
Password reset success - My ISED Account - ISED,http://strategis.ic.gc.ca/app/scr/registration-inscription/success2.html,http://strategis.ic.gc.ca/app/scr/registration-inscription/success2.html,18,3E-05
Access your account - My ISED Account - ISED,http://oti.ic.gc.ca/app/scr/registration-inscription/home.html?lang=eng,http://oti.ic.gc.ca/app/scr/registration-inscription/home.html?lang=eng,18,3E-05
GSC 175 - Maps - Industry Canada,http://www.ic.gc.ca/app/scr/cmb-dgcm/poi-pi/mp.html?lang=eng&tpcId=201,http://www.ic.gc.ca/app/scr/cmb-dgcm/poi-pi/mp.html?lang=eng&tpcId=201,17,3E-05
"Money and finances theme – Promotional features - Innovation, Science and Economic Development Canada",http://www.ic.gc.ca/eic/site/icgc.nsf/frm-eng/MMCN-A3HMJJ,http://www.ic.gc.ca/eic/site/icgc.nsf/frm-eng/MMCN-A3HMJJ,17,3E-05
"ISED’s Scientific Integrity Policy - Innovation, Science and Economic Development Canada",http://www.ic.gc.ca/eic/site/icgc.nsf/eng/07669.html,http://www.ic.gc.ca/eic/site/icgc.nsf/eng/07669.html,17,3E-05
"Home - Innovation, Science and Economic Development Canada",http://ised-lex-web-ui-pipe-pipeline-2uiogg-webappbucket-ihtkgy7w2vl4.s3.amazonaws.com/www.ic.gc.ca/eic/site/icgc.nsf/eng/home.html,http://ised-lex-web-ui-pipe-pipeline-2uiogg-webappbucket-ihtkgy7w2vl4.s3.amazonaws.com/www.ic.gc.ca/eic/site/icgc.nsf/eng/home.html,16,3E-05
"Science and innovation theme – Promotional features - Innovation, Science and Economic Development Canada",http://www.ic.gc.ca/eic/site/icgc.nsf/frm-eng/MMCN-9VZKNH,http://www.ic.gc.ca/eic/site/icgc.nsf/frm-eng/MMCN-9VZKNH,16,3E-05
,http://www1.ic.gc.ca/eic/site/icgc.nsf/fra/h_07026.html,http://www1.ic.gc.ca/eic/site/icgc.nsf/fra/h_07026.html,15,3E-05
"Secrétaires d'État et ministres d'État - Innovation, Sciences et Développement économique Canada",http://www.ic.gc.ca/eic/site/icgc.nsf/fra/00026.html,http://www.ic.gc.ca/eic/site/icgc.nsf/fra/00026.html,15,3E-05
Update your personal information - My ISED Account - ISED,http://www.ic.gc.ca/app/scr/registration-inscription/update/updatePersonal.html,http://www.ic.gc.ca/app/scr/registration-inscription/update/updatePersonal.html,14,2E-05
,http://www.ic.gc.ca/eic/site/icgc.nsf/eng/07133.html,http://www.ic.gc.ca/eic/site/icgc.nsf/eng/07133.html,14,2E-05
,http://www.ic.gc.ca/eic/site/ic-gc.nsf/fra/07398.html,http://www.ic.gc.ca/eic/site/ic-gc.nsf/fra/07398.html,13,2E-05
"Ministers of Innovation, Science and Economic Development's Precursor Departments - Innovation, Science and Economic Development Canada",http://www.ic.gc.ca/eic/site/icgc.nsf/eng/00025.html,http://www.ic.gc.ca/eic/site/icgc.nsf/eng/00025.html,12,2E-05
"Droit d'auteur — Permission écrite - Innovation, Sciences et Développement économique Canada",http://www.ic.gc.ca/eic/site/icgc.nsf/fra/07414.html,http://www.ic.gc.ca/eic/site/icgc.nsf/fra/07414.html,12,2E-05
"Fils RSS - Innovation, Sciences et Développement économique Canada",http://www.ic.gc.ca/eic/site/icgc.nsf/fra/h_07032.html,http://www.ic.gc.ca/eic/site/icgc.nsf/fra/h_07032.html,11,2E-05
"David McGovern - Innovation, Sciences et Développement économique Canada",http://www.ic.gc.ca/eic/site/icgc.nsf/fra/h_07016.html,http://www.ic.gc.ca/eic/site/icgc.nsf/fra/h_07016.html,11,2E-05
"Recherche - Innovation, Sciences et Développement économique Canada",http://www1.ic.gc.ca/eic/site/icgc.nsf/fra/06957.html,http://www1.ic.gc.ca/eic/site/icgc.nsf/fra/06957.html,11,2E-05
,http://www1.ic.gc.ca/eic/site/icgc.nsf/fra/accueil,http://www1.ic.gc.ca/eic/site/icgc.nsf/fra/accueil,10,2E-05
Access your account - My ISED Account - ISED,http://www.ic.gc.ca/app/scr/registration-inscription/home.html?lang=eng&lang=eng,http://www.ic.gc.ca/app/scr/registration-inscription/home.html?lang=eng&lang=eng,8,1E-05
,http://www.ic.gc.ca/eic/site/icgc.nsf/frm-eng/MMCN-9VEL69,http://www.ic.gc.ca/eic/site/icgc.nsf/frm-eng/MMCN-9VEL69,8,1E-05
"Our organization - Innovation, Science and Economic Development Canada",http://www1.ic.gc.ca/eic/site/icgc.nsf/eng/h_00007.html,http://www1.ic.gc.ca/eic/site/icgc.nsf/eng/h_00007.html,8,1E-05
"History - Innovation, Science and Economic Development Canada",http://www.ic.gc.ca/eic/site/icgc.nsf/eng/h_00023.html,http://www.ic.gc.ca/eic/site/icgc.nsf/eng/h_00023.html,8,1E-05
"Home - Innovation, Science and Economic Development Canada",http://www.ic.gc.ca/eic/site/icgc.nsf/eng/h_00000.html,http://www.ic.gc.ca/eic/site/icgc.nsf/eng/h_00000.html,7,1E-05
,http://www.ic.gc.ca/app/scr/cmb-dgcm/poi-pi/mp.html?lang=fra&tpcId=5,http://www.ic.gc.ca/app/scr/cmb-dgcm/poi-pi/mp.html?lang=fra&tpcId=5,7,1E-05
Answer your challenge question - My ISED Account - ISED,http://strategis.ic.gc.ca/app/scr/registration-inscription/ForgotPasswordGen.html,http://strategis.ic.gc.ca/app/scr/registration-inscription/ForgotPasswordGen.html,7,1E-05
,http://www.ic.gc.ca/eic/site/icgc.nsf/fra/00025.html,http://www.ic.gc.ca/eic/site/icgc.nsf/fra/00025.html,7,1E-05
,http://www.ic.gc.ca/app/scr/cmb-dgcm/poi-pi/mp.html?lang=eng&tpcId=181,http://www.ic.gc.ca/app/scr/cmb-dgcm/poi-pi/mp.html?lang=eng&tpcId=181,7,1E-05
Access your account - My ISED Account - ISED,http://www.cipo.ic.gc.ca/app/scr/registration-inscription/home.html?lang=eng,http://www.cipo.ic.gc.ca/app/scr/registration-inscription/home.html?lang=eng,6,1E-05
Access your account - My ISED Account - ISED,http://fednor.gc.ca/app/scr/registration-inscription/home.html?lang=eng,http://fednor.gc.ca/app/scr/registration-inscription/home.html?lang=eng,6,1E-05
"Formulaires, rapports, guides… - Innovation, Sciences et Développement économique Canada",http://www1.ic.gc.ca/eic/site/icgc.nsf/fra/h_07111.html,http://www1.ic.gc.ca/eic/site/icgc.nsf/fra/h_07111.html,6,1E-05
"Politique sur l’intégrité scientifique d’ISDE - Innovation, Sciences et Développement économique Canada",http://www.ic.gc.ca/eic/site/icgc.nsf/fra/07669.html,http://www.ic.gc.ca/eic/site/icgc.nsf/fra/07669.html,6,1E-05
Accéder à votre compte - Mon compte à Industrie Canada - Industrie Canada,http://www.cipo.ic.gc.ca/app/scr/registration-inscription/accueil.html?lang=fra,http://www.cipo.ic.gc.ca/app/scr/registration-inscription/accueil.html?lang=fra,6,1E-05
"Kimberly Eadie - Innovation, Science and Economic Development Canada",http://www.ic.gc.ca/eic/site/icgc.nsf/courriel/Kimberly_Eadie,http://www.ic.gc.ca/eic/site/icgc.nsf/courriel/Kimberly_Eadie,6,1E-05
,http://ised-lex-web-ui-codebuilddeploy-vrg8-webappbucket-1hoehq6et3u7u.s3.amazonaws.com/www.ic.gc.ca/eic/site/icgc.nsf/eng/home.html,http://ised-lex-web-ui-codebuilddeploy-vrg8-webappbucket-1hoehq6et3u7u.s3.amazonaws.com/www.ic.gc.ca/eic/site/icgc.nsf/eng/home.html,6,1E-05
"Paul Thompson - Innovation, Sciences et Développement économique Canada",http://www.ic.gc.ca/eic/site/icgc.nsf/fra/h_07655.html,http://www.ic.gc.ca/eic/site/icgc.nsf/fra/h_07655.html,5,1E-05
Télécharger une liste de centres d'intérêt pour le sujet: Financement - Cartes - Industrie Canada,http://www.ic.gc.ca/app/scr/cmb-dgcm/poi-pi/hm/ccss.html?tpcId=1,http://www.ic.gc.ca/app/scr/cmb-dgcm/poi-pi/hm/ccss.html?tpcId=1,5,1E-05
,http://www.ic.gc.ca/eic/site/icgc.nsf/fra/07133.html,http://www.ic.gc.ca/eic/site/icgc.nsf/fra/07133.html,5,1E-05
,http://ito.ic.gc.ca/app/scr/registration-inscription/accueil.html?lang=fra,http://ito.ic.gc.ca/app/scr/registration-inscription/accueil.html?lang=fra,5,1E-05
,http://www.ic.gc.ca/app/scr/cmb-dgcm/poi-pi/mp.html?lang=eng&tpcId=281,http://www.ic.gc.ca/app/scr/cmb-dgcm/poi-pi/mp.html?lang=eng&tpcId=281,5,1E-05
,http://ito.ic.gc.ca/app/scr/registration-inscription/home.html?lang=eng,http://ito.ic.gc.ca/app/scr/registration-inscription/home.html?lang=eng,5,1E-05
Update your personal information - My ISED Account - ISED,http://strategis.ic.gc.ca/app/scr/registration-inscription/update/updatePersonal.html,http://strategis.ic.gc.ca/app/scr/registration-inscription/update/updatePersonal.html,4,1E-05
Intellectual property and copyright - Maps - Industry Canada,http://www.ic.gc.ca/app/scr/cmb-dgcm/poi-pi/mp.html?lang=eng&tpcId=6,http://www.ic.gc.ca/app/scr/cmb-dgcm/poi-pi/mp.html?lang=eng&tpcId=6,4,1E-05
,http://www.ic.gc.ca/app/scr/cmb-dgcm/poi-pi/mp.html?lang=fra&tpcId=201,http://www.ic.gc.ca/app/scr/cmb-dgcm/poi-pi/mp.html?lang=fra&tpcId=201,4,1E-05
- Maps - Industry Canada,http://www.ic.gc.ca/app/scr/cmb-dgcm/poi-pi/mp.html?lang=eng&tpcId=261,http://www.ic.gc.ca/app/scr/cmb-dgcm/poi-pi/mp.html?lang=eng&tpcId=261,4,1E-05
,http://www1.ic.gc.ca/eic/site/icgc.nsf/eng/h_07024.html,http://www1.ic.gc.ca/eic/site/icgc.nsf/eng/h_07024.html,4,1E-05
,http://www.ic.gc.ca/eic/site/ic-gc.nsf/fra/07422.html,http://www.ic.gc.ca/eic/site/ic-gc.nsf/fra/07422.html,4,1E-05
Nom(s) d'utilisateur correspondant(s) - Mon compte à Industrie Canada - Industrie Canada,http://www.ic.gc.ca/app/scr/registration-inscription/ForgotUsername.html?lang=fra,http://www.ic.gc.ca/app/scr/registration-inscription/ForgotUsername.html?lang=fra,3,1E-05
Access your account - My ISED Account - ISED,http://corporationscanada.ic.gc.ca/app/scr/registration-inscription/home.html?lang=eng,http://corporationscanada.ic.gc.ca/app/scr/registration-inscription/home.html?lang=eng,3,1E-05
,http://www.ic.gc.ca/eic/site/icgc.nsf/eng/07668.html,http://www.ic.gc.ca/eic/site/icgc.nsf/eng/07668.html,3,1E-05
,http://ito.ic.gc.ca/app/scr/registration-inscription/home.html?lang=fra,http://ito.ic.gc.ca/app/scr/registration-inscription/home.html?lang=fra,3,1E-05
,http://ito.ic.gc.ca/app/scr/registration-inscription/accueil.html,http://ito.ic.gc.ca/app/scr/registration-inscription/accueil.html,3,1E-05
,http://www-ic.fjgc-gccf.gc.ca/eic/site/icgc.nsf/eng/home,http://www-ic.fjgc-gccf.gc.ca/eic/site/icgc.nsf/eng/home,3,1E-05
Access your account - My ISED Account - ISED,http://ito.ic.gc.ca/app/scr/registration-inscription/home.html,http://ito.ic.gc.ca/app/scr/registration-inscription/home.html,3,1E-05
,http://ic.gc.ca/app/scr/registration-inscription/accueil.html?lang=fra,http://ic.gc.ca/app/scr/registration-inscription/accueil.html?lang=fra,3,1E-05
"Historique - Innovation, Sciences et Développement économique Canada",http://www.ic.gc.ca/eic/site/icgc.nsf/fra/h_00023.html,http://www.ic.gc.ca/eic/site/icgc.nsf/fra/h_00023.html,3,1E-05
"Mandate - Innovation, Science and Economic Development Canada",http://www.nuans.com/eic/site/icgc.nsf/eng/h_00018.html,http://www.nuans.com/eic/site/icgc.nsf/eng/h_00018.html,3,1E-05
,http://hults.sdaily.live/eic/site/icgc.nsf/fra/h_07033.html,http://hults.sdaily.live/eic/site/icgc.nsf/fra/h_07033.html,3,1E-05
,http://fednor.gc.ca/app/scr/registration-inscription/home.html,http://fednor.gc.ca/app/scr/registration-inscription/home.html,3,1E-05
,http://www1.ic.gc.ca/eic/site/icgc.nsf/eng/h_07033.html,http://www1.ic.gc.ca/eic/site/icgc.nsf/eng/h_07033.html,2,0
"Programs and initiatives - Innovation, Science and Economic Development Canada",http://www1.ic.gc.ca/eic/site/icgc.nsf/eng/h_07654.html,http://www1.ic.gc.ca/eic/site/icgc.nsf/eng/h_07654.html,2,0
"Home - Innovation, Science and Economic Development Canada",http://devapache1.ic.gc.ca/eic/site/icgc.nsf/eng/home,http://devapache1.ic.gc.ca/eic/site/icgc.nsf/eng/home,2,0
"À propos de nous - Innovation, Sciences et Développement économique Canada",http://www1.ic.gc.ca/eic/site/icgc.nsf/fra/h_07017.html,http://www1.ic.gc.ca/eic/site/icgc.nsf/fra/h_07017.html,2,0
"Notre organisation - Innovation, Sciences et Développement économique Canada",http://www1.ic.gc.ca/eic/site/icgc.nsf/fra/h_00007.html,http://www1.ic.gc.ca/eic/site/icgc.nsf/fra/h_00007.html,2,0
Create an account - step 1 of 2 - My ISED Account - ISED,http://ic.gc.ca/app/scr/registration-inscription/register_email.html,http://ic.gc.ca/app/scr/registration-inscription/register_email.html,2,0
Points of Interest Map Administration,http://www.ic.gc.ca/app/scr/cmb-dgcm/poi-pi/hm/fl.html,http://www.ic.gc.ca/app/scr/cmb-dgcm/poi-pi/hm/fl.html,2,0
"Accueil - Innovation, Sciences et Développement économique Canada",http://www.ic.gc.ca./eic/site/icgc.nsf/fra/accueil,http://www.ic.gc.ca./eic/site/icgc.nsf/fra/accueil,2,0
,http://www.consumerinformation.ca/app/scr/registration-inscription/home.html?lang=eng,http://www.consumerinformation.ca/app/scr/registration-inscription/home.html?lang=eng,2,0
Changer votre mot de passe - Mon compte à Industrie Canada - Industrie Canada,http://www.ic.gc.ca/app/scr/registration-inscription/miseajour/miseajourMotDePasse.html,http://www.ic.gc.ca/app/scr/registration-inscription/miseajour/miseajourMotDePasse.html,2,0
,http://ito.ic.gc.ca/app/scr/registration-inscription/register_email.html?lang=eng,http://ito.ic.gc.ca/app/scr/registration-inscription/register_email.html?lang=eng,2,0
"Liste : formulaires, reports et guides... - Innovation, Sciences et Développement économique Canada",http://www1.ic.gc.ca/eic/site/icgc.nsf/fra/07128.html,http://www1.ic.gc.ca/eic/site/icgc.nsf/fra/07128.html,2,0
,http://www.ic.gc.ca/app/scr/cmb-dgcm/poi-pi/mp.html?tpcId=1,http://www.ic.gc.ca/app/scr/cmb-dgcm/poi-pi/mp.html?tpcId=1,2,0
Mettre à jour vos renseignements personnels - Mon compte à Industrie Canada - Industrie Canada,http://www.ic.gc.ca/app/scr/registration-inscription/miseajour/miseajourDinfo.html,http://www.ic.gc.ca/app/scr/registration-inscription/miseajour/miseajourDinfo.html,2,0
Download a listing of points of interest for topic: Industries and business - Maps - Industry Canada,http://www.ic.gc.ca/app/scr/cmb-dgcm/poi-pi/hm/ccss.html?lang=eng&tpcId=5,http://www.ic.gc.ca/app/scr/cmb-dgcm/poi-pi/hm/ccss.html?lang=eng&tpcId=5,2,0
,http://www.crc.gc.ca/app/scr/registration-inscription/home.html,http://www.crc.gc.ca/app/scr/registration-inscription/home.html,2,0
Create an account - step 1 of 2 - My ISED Account - ISED,http://fednor.gc.ca/app/scr/registration-inscription/register_email.html?lang=eng,http://fednor.gc.ca/app/scr/registration-inscription/register_email.html?lang=eng,2,0
,http://www.ic.gc.ca/app/scr/registration-inscription/home.html?lang=eng\,http://www.ic.gc.ca/app/scr/registration-inscription/home.html?lang=eng\,2,0
,http://www.ic.gc.ca/eic/site/icgc.nsf/mail/ESZO-948R6P,http://www.ic.gc.ca/eic/site/icgc.nsf/mail/ESZO-948R6P,2,0
,http://corporationscanada.ic.gc.ca/app/scr/registration-inscription/home.html?lang=fra,http://corporationscanada.ic.gc.ca/app/scr/registration-inscription/home.html?lang=fra,2,0
,http://www.ic.gc.ca/app/scr/cmb-dgcm/poi-pi/hm/ccss.html?lang=eng&tpcId=1,http://www.ic.gc.ca/app/scr/cmb-dgcm/poi-pi/hm/ccss.html?lang=eng&tpcId=1,2,0
,http://ito.ic.gc.ca/app/scr/registration-inscription/CreerUnCompte.html?lang=fra,http://ito.ic.gc.ca/app/scr/registration-inscription/CreerUnCompte.html?lang=fra,2,0
,http://www1.ic.gc.ca/eic/site/icgc.nsf/eng/h_07661.html,http://www1.ic.gc.ca/eic/site/icgc.nsf/eng/h_07661.html,1,0
,http://www1.ic.gc.ca/eic/site/ic-gc.nsf/eng/07398.html,http://www1.ic.gc.ca/eic/site/ic-gc.nsf/eng/07398.html,1,0
,http://ito.ic.gc.ca/eic/site/ic-gc.nsf/eng/07398.html,http://ito.ic.gc.ca/eic/site/ic-gc.nsf/eng/07398.html,1,0
,http://web.archive.org/web/20130203102627/http://www.ic.gc.ca/eic/site/icgc.nsf/eng/h_00018.html,http://web.archive.org/web/20130203102627/http://www.ic.gc.ca/eic/site/icgc.nsf/eng/h_00018.html,1,0
,http://www.ic.gc.ca/eic/site/icgc.nsf/fra/cartedusite.html,http://www.ic.gc.ca/eic/site/icgc.nsf/fra/cartedusite.html,1,0
Download a listing of points of interest for topic: - Maps - Industry Canada,http://www.ic.gc.ca/app/scr/cmb-dgcm/poi-pi/hm/ccss.html,http://www.ic.gc.ca/app/scr/cmb-dgcm/poi-pi/hm/ccss.html,1,0
,http://nyberg.cheads.site/eic/site/icgc.nsf/fra/accueil,http://nyberg.cheads.site/eic/site/icgc.nsf/fra/accueil,1,0
,http://www.competitionbureau.gc.ca/app/scr/registration-inscription/accueil.html?lang=fra,http://www.competitionbureau.gc.ca/app/scr/registration-inscription/accueil.html?lang=fra,1,0
"Accueil - Innovation, Sciences et Développement économique Canada",http://www.ic.gc.ca/eic/site/icgc.nsf/fra/accueil����,http://www.ic.gc.ca/eic/site/icgc.nsf/fra/accueil����,1,0
"Home - Innovation, Science and Economic Development Canada",http://s3.amazonaws.com/lex-web-ui-codebuilddeploy-9in2m24lr-webappbucket-27fcjufokzio/www.ic.gc.ca/eic/site/icgc.nsf/eng/home.html,http://s3.amazonaws.com/lex-web-ui-codebuilddeploy-9in2m24lr-webappbucket-27fcjufokzio/www.ic.gc.ca/eic/site/icgc.nsf/eng/home.html,1,0
,http://ito.ic.gc.ca/app/scr/cmb-dgcm/poi-pi/mp.html?lang=eng&tpcId=181,http://ito.ic.gc.ca/app/scr/cmb-dgcm/poi-pi/mp.html?lang=eng&tpcId=181,1,0
,http://www.ic.gc.ca./eic/site/icgc.nsf/fra/h_00007.html,http://www.ic.gc.ca./eic/site/icgc.nsf/fra/h_00007.html,1,0
"Internet, radio et sans-fil - Cartes - Industrie Canada",http://www.ic.gc.ca/app/scr/cmb-dgcm/poi-pi/mp.html?lang=fra&tpcId=7,http://www.ic.gc.ca/app/scr/cmb-dgcm/poi-pi/mp.html?lang=fra&tpcId=7,1,0
,http://www.ito.ic.gc.ca/app/scr/registration-inscription/accueil.html,http://www.ito.ic.gc.ca/app/scr/registration-inscription/accueil.html,1,0
,http://www.ito.ic.gc.ca/app/scr/registration-inscription/home.html?lang=fra,http://www.ito.ic.gc.ca/app/scr/registration-inscription/home.html?lang=fra,1,0
,http://www.ic.gc.ca/app/scr/cmb-dgcm/poi-pi/hm/ccss.html?lang=fra&tpcId=1,http://www.ic.gc.ca/app/scr/cmb-dgcm/poi-pi/hm/ccss.html?lang=fra&tpcId=1,1,0
,http://www.nuans.com/eic/site/icgc.nsf/eng/h_07016.html,http://www.nuans.com/eic/site/icgc.nsf/eng/h_07016.html,1,0
,http://www.cipo.ic.gc.ca/app/scr/registration-inscription/register.html,http://www.cipo.ic.gc.ca/app/scr/registration-inscription/register.html,1,0
Change your challenge question - My ISED Account - ISED,http://www.ic.gc.ca/app/scr/registration-inscription/update/updateSecretQuestion.html,http://www.ic.gc.ca/app/scr/registration-inscription/update/updateSecretQuestion.html,1,0
,http://www.cirb-ccri.gc.ca/app/scr/registration-inscription/register_email.html?lang=eng,http://www.cirb-ccri.gc.ca/app/scr/registration-inscription/register_email.html?lang=eng,1,0
,http://www1.ic.gc.ca/eic/site/icgc.nsf/eng/h_00018.html,http://www1.ic.gc.ca/eic/site/icgc.nsf/eng/h_00018.html,1,0
Create an account - step 2 of 2 - My ISED Account - ISED,http://www.ic.gc.ca/app/scr/registration-inscription/register.html?lang=eng,http://www.ic.gc.ca/app/scr/registration-inscription/register.html?lang=eng,1,0
,http://www1.ic.gc.ca/eic/site/icgc.nsf/eng/h_07662.html,http://www1.ic.gc.ca/eic/site/icgc.nsf/eng/h_07662.html,1,0
"Les agences de développement régional du Canada - Innovation, Sciences et Développement économique Canada",http://www1.ic.gc.ca/eic/site/icgc.nsf/fra/h_07662.html,http://www1.ic.gc.ca/eic/site/icgc.nsf/fra/h_07662.html,1,0
"Hauts fonctionnaires et les secteurs - Innovation, Sciences et Développement économique Canada",http://www1.ic.gc.ca/eic/site/icgc.nsf/fra/h_00019.html,http://www1.ic.gc.ca/eic/site/icgc.nsf/fra/h_00019.html,1,0
,http://www.ic.gc.ca/app/scr/registration-inscription/CreerUnCompte.html,http://www.ic.gc.ca/app/scr/registration-inscription/CreerUnCompte.html,1,0
,http://www1.ic.gc.ca/eic/site/icgc.nsf/fra/h_07024.html,http://www1.ic.gc.ca/eic/site/icgc.nsf/fra/h_07024.html,1,0
Create an account - step 1 of 2 - My ISED Account - ISED,http://strategis.ic.gc.ca/app/scr/registration-inscription/register_email.html?lang=eng,http://strategis.ic.gc.ca/app/scr/registration-inscription/register_email.html?lang=eng,1,0
"Subscribe to receive newsletters and email updates - Innovation, Science and Economic Development Canada",http://www1.ic.gc.ca/eic/site/icgc.nsf/eng/h_07034.html,http://www1.ic.gc.ca/eic/site/icgc.nsf/eng/h_07034.html,1,0
Créer un compte - étape 1 de 2 - Mon compte à Industrie Canada - Industrie Canada,http://www.competitionbureau.gc.ca/app/scr/registration-inscription/CreerUnCompte.html?lang=fra,http://www.competitionbureau.gc.ca/app/scr/registration-inscription/CreerUnCompte.html?lang=fra,1,0
Download a listing of points of interest for topic: - Maps - Industry Canada,http://www.ic.gc.ca/app/scr/cmb-dgcm/poi-pi/hm/ccss.html?lang=eng&tpcId=9,http://www.ic.gc.ca/app/scr/cmb-dgcm/poi-pi/hm/ccss.html?lang=eng&tpcId=9,1,0
,http://www.ic.gc.ca/eic/site/icgc.nsf/eng/sitemap.html,http://www.ic.gc.ca/eic/site/icgc.nsf/eng/sitemap.html,1,0
,http://www1.ic.gc.ca/eic/site/icgc.nsf/fra/h_07654.html,http://www1.ic.gc.ca/eic/site/icgc.nsf/fra/h_07654.html,1,0
,http://www-ic.fjgc-gccf.gc.ca/eic/site/icgc.nsf/eng/h_00022.html,http://www-ic.fjgc-gccf.gc.ca/eic/site/icgc.nsf/eng/h_00022.html,1,0
,http://www.ic.gc.ca/app/scr/registration-inscription/home.html?lang=fr,http://www.ic.gc.ca/app/scr/registration-inscription/home.html?lang=fr,1,0
,http://webarchive.bac-lac.gc.ca/wayback/20131002004525/https://www.ic.gc.ca/eic/site/icgc.nsf/eng/h_07026.html,http://webarchive.bac-lac.gc.ca/wayback/20131002004525/https://www.ic.gc.ca/eic/site/icgc.nsf/eng/h_07026.html,1,0
"Stay connected - Innovation, Science and Economic Development Canada",http://www1.ic.gc.ca/eic/site/icgc.nsf/eng/h_07031.html,http://www1.ic.gc.ca/eic/site/icgc.nsf/eng/h_07031.html,1,0
Access your account - My ISED Account - ISED,http://strategis.ic.gc.ca/app/scr/registration-inscription/home.html?lang,http://strategis.ic.gc.ca/app/scr/registration-inscription/home.html?lang,1,0
,http://www.ic.gc.ca/app/scr/registration-inscription/home.html?lang=fra.com,http://www.ic.gc.ca/app/scr/registration-inscription/home.html?lang=fra.com,1,0
,http://www.ic.gc.ca/eic/site/icgc.nsf/frm-fra/MMCN-9VEL69,http://www.ic.gc.ca/eic/site/icgc.nsf/frm-fra/MMCN-9VEL69,1,0
,http://webarchive.bac-lac.gc.ca/wayback/20131001221022/http://www.ic.gc.ca/eic/site/icgc.nsf/eng/home,http://webarchive.bac-lac.gc.ca/wayback/20131001221022/http://www.ic.gc.ca/eic/site/icgc.nsf/eng/home,1,0
Change your password - My ISED Account - ISED,http://strategis.ic.gc.ca/app/scr/registration-inscription/update/updatePassword.html,http://strategis.ic.gc.ca/app/scr/registration-inscription/update/updatePassword.html,1,0
Download a listing of points of interest for topic: Investments in Canadian Post-Secondary Institutions - Maps - Industry Canada,http://www.ic.gc.ca/app/scr/cmb-dgcm/poi-pi/hm/ccss.html?tpcId=241,http://www.ic.gc.ca/app/scr/cmb-dgcm/poi-pi/hm/ccss.html?tpcId=241,1,0
,http://www.bureaudelaconcurrence.gc.ca/app/scr/cmb-dgcm/poi-pi/hm/ccss.html?lang=fra&tpcId=181,http://www.bureaudelaconcurrence.gc.ca/app/scr/cmb-dgcm/poi-pi/hm/ccss.html?lang=fra&tpcId=181,1,0
,http://wayback.archive-it.org/eic/site/icgc.nsf/eng/home,http://wayback.archive-it.org/eic/site/icgc.nsf/eng/home,1,0
,http://www.ic.gc.ca/eic/site/icgc.nsf/fra/07045.html,http://www.ic.gc.ca/eic/site/icgc.nsf/fra/07045.html,1,0
Accéder à votre compte - Mon compte à Industrie Canada - Industrie Canada,http://www.cipo.ic.gc.ca/app/scr/registration-inscription/home.html?lang=fra,http://www.cipo.ic.gc.ca/app/scr/registration-inscription/home.html?lang=fra,1,0
,http://ito.ic.gc.ca/app/scr/cmb-dgcm/poi-pi/mp.html?lang=fra&tpcId=1,http://ito.ic.gc.ca/app/scr/cmb-dgcm/poi-pi/mp.html?lang=fra&tpcId=1,1,0
,http://www.ic.gc.ca/app/scr/cmb-dgcm/poi-pi/mp.html?lang=fra&tpcId=281,http://www.ic.gc.ca/app/scr/cmb-dgcm/poi-pi/mp.html?lang=fra&tpcId=281,1,0
"Contact Innovation, Science and Economic Development Canada - Innovation, Science and Economic Development Canada",http://www.ic.gc.ca./eic/site/icgc.nsf/eng/h_07026.html,http://www.ic.gc.ca./eic/site/icgc.nsf/eng/h_07026.html,1,0
Financing - Maps - Industry Canada,http://www.ic.gc.ca/app/scr/cmb-dgcm/poi-pi/ mp.html?lang=eng&tpcId=1,http://www.ic.gc.ca/app/scr/cmb-dgcm/poi-pi/ mp.html?lang=eng&tpcId=1,1,0
,http://ito.ic.gc.ca/eic/site/ic-gc.nsf/fra/07398.html,http://ito.ic.gc.ca/eic/site/ic-gc.nsf/fra/07398.html,1,0
,http://www.ic.gc.ca/eic/site/icgc.nsf/eng/07045.html,http://www.ic.gc.ca/eic/site/icgc.nsf/eng/07045.html,1,0
"Home - Innovation, Science and Economic Development Canada",http://www-ic-gc-ca.proxy.bib.uottawa.ca/eic/site/icgc.nsf/eng/home,http://www-ic-gc-ca.proxy.bib.uottawa.ca/eic/site/icgc.nsf/eng/home,1,0
"Home - Innovation, Science and Economic Development Canada",http://s3.amazonaws.com/ised-lex-web-ui-pipe-pipeline-2uiogg-webappbucket-ihtkgy7w2vl4/www.ic.gc.ca/eic/site/icgc.nsf/eng/home.html,http://s3.amazonaws.com/ised-lex-web-ui-pipe-pipeline-2uiogg-webappbucket-ihtkgy7w2vl4/www.ic.gc.ca/eic/site/icgc.nsf/eng/home.html,1,0
Portail de découverte de projet du PLCN – Projets actuels - Cartes - Industrie Canada,http://www.ic.gc.ca/app/scr/cmb-dgcm/poi-pi/mp.html?lang=fra&tpcId=282,http://www.ic.gc.ca/app/scr/cmb-dgcm/poi-pi/mp.html?lang=fra&tpcId=282,1,0
Inclusive Innovation Agenda Engagement Sessions - Maps - Industry Canada,http://oti.ic.gc.ca/app/scr/cmb-dgcm/poi-pi/mp.html?lang=eng&tpcId=181,http://oti.ic.gc.ca/app/scr/cmb-dgcm/poi-pi/mp.html?lang=eng&tpcId=181,1,0
,http://www.ic.gc.ca/eic/site/icgc.nsf/eng/07110.html,http://www.ic.gc.ca/eic/site/icgc.nsf/eng/07110.html,1,0
,http://www1.ic.gc.ca/eic/site/icgc.nsf/eng/h_07017.html,http://www1.ic.gc.ca/eic/site/icgc.nsf/eng/h_07017.html,1,0
,http://www-ic-gc-ca.acces.bibl.ulaval.ca/eic/site/icgc.nsf/fra/accueil,http://www-ic-gc-ca.acces.bibl.ulaval.ca/eic/site/icgc.nsf/fra/accueil,1,0
,http://www1.ic.gc.ca/eic/site/icgc.nsf/eng/h_00279.html,http://www1.ic.gc.ca/eic/site/icgc.nsf/eng/h_00279.html,1,0
Odyssée des sciences – Activités - Cartes - Industrie Canada,http://www.ic.gc.ca/app/scr/cmb-dgcm/poi-pi/mp.html?lang=fra&tpcId=121,http://www.ic.gc.ca/app/scr/cmb-dgcm/poi-pi/mp.html?lang=fra&tpcId=121,1,0
,http://www1.ic.gc.ca/eic/site/icgc.nsf/eng/h_00019.html,http://www1.ic.gc.ca/eic/site/icgc.nsf/eng/h_00019.html,1,0
,http://www.ic.gc.ca.acces.bibl.ulaval.ca/eic/site/icgc.nsf/fra/accueil,http://www.ic.gc.ca.acces.bibl.ulaval.ca/eic/site/icgc.nsf/fra/accueil,1,0
,http://www1.ic.gc.ca/eic/site/icgc.nsf/eng/h_07015.html,http://www1.ic.gc.ca/eic/site/icgc.nsf/eng/h_07015.html,1,0
,http://www1.ic.gc.ca/eic/site/icgc.nsf/eng/h_07655.html,http://www1.ic.gc.ca/eic/site/icgc.nsf/eng/h_07655.html,1,0
,http://www1.ic.gc.ca/eic/site/icgc.nsf/eng/h_07016.html,http://www1.ic.gc.ca/eic/site/icgc.nsf/eng/h_07016.html,1,0
,http://www.crc.gc.ca/app/scr/registration-inscription/home.html?lang=eng,http://www.crc.gc.ca/app/scr/registration-inscription/home.html?lang=eng,1,0
