Pages,URL,HRef,Visits,Views,Average Time Viewed (seconds),Average Time to Serve (ms)
"Home - Innovation, Science and Economic Development Canada",http://www.ic.gc.ca/eic/site/icgc.nsf/eng/home,http://www.ic.gc.ca/eic/site/icgc.nsf/eng/home,294272,360673,157,0
"Contact Innovation, Science and Economic Development Canada - Innovation, Science and Economic Development Canada",http://www.ic.gc.ca/eic/site/icgc.nsf/eng/h_07026.html,http://www.ic.gc.ca/eic/site/icgc.nsf/eng/h_07026.html,83313,108344,204,0
"Accueil - Innovation, Sciences et Développement économique Canada",http://www.ic.gc.ca/eic/site/icgc.nsf/fra/accueil,http://www.ic.gc.ca/eic/site/icgc.nsf/fra/accueil,77917,91638,154,0
Access your account - My ISED Account - ISED,http://www.ic.gc.ca/app/scr/registration-inscription/home.html?lang=eng,http://www.ic.gc.ca/app/scr/registration-inscription/home.html?lang=eng,23065,37203,59,0
Access your account - My ISED Account - ISED,http://strategis.ic.gc.ca/app/scr/registration-inscription/home.html?lang=eng,http://strategis.ic.gc.ca/app/scr/registration-inscription/home.html?lang=eng,18155,29159,36,0
Access your account - My ISED Account - ISED,http://www.ic.gc.ca/app/scr/registration-inscription/home.html,http://www.ic.gc.ca/app/scr/registration-inscription/home.html,15726,31697,47,0
"Contactez Innovation, Sciences et Développement économique Canada - Innovation, Sciences et Développement économique Canada",http://www.ic.gc.ca/eic/site/icgc.nsf/fra/h_07026.html,http://www.ic.gc.ca/eic/site/icgc.nsf/fra/h_07026.html,14651,19387,197,0
Financing - Maps - Industry Canada,http://www.ic.gc.ca/app/scr/cmb-dgcm/poi-pi/mp.html?lang=eng&tpcId=1,http://www.ic.gc.ca/app/scr/cmb-dgcm/poi-pi/mp.html?lang=eng&tpcId=1,14546,17468,242,0
Créer un compte - étape 1 de 2 - Mon compte à Industrie Canada - Industrie Canada,http://www.ic.gc.ca/app/scr/registration-inscription/register_email.html,http://www.ic.gc.ca/app/scr/registration-inscription/register_email.html,13650,19211,31,0
Create an account - step 1 of 2 - My ISED Account - ISED,http://strategis.ic.gc.ca/app/scr/registration-inscription/register_email.html,http://strategis.ic.gc.ca/app/scr/registration-inscription/register_email.html,12846,17793,29,0
"Innovation, Science and Economic Development portfolio - Innovation, Science and Economic Development Canada",http://www.ic.gc.ca/eic/site/icgc.nsf/eng/h_00022.html,http://www.ic.gc.ca/eic/site/icgc.nsf/eng/h_00022.html,12750,16118,109,0
Update your account - My ISED Account - ISED,http://www.ic.gc.ca/app/scr/registration-inscription/update/update.html,http://www.ic.gc.ca/app/scr/registration-inscription/update/update.html,10504,20651,46,0
Create an account - step 2 of 2 - My ISED Account - ISED,http://strategis.ic.gc.ca/app/scr/registration-inscription/register.html,http://strategis.ic.gc.ca/app/scr/registration-inscription/register.html,10255,20556,121,0
"Terms and conditions - Innovation, Science and Economic Development Canada",http://www.ic.gc.ca/eic/site/icgc.nsf/eng/h_07033.html,http://www.ic.gc.ca/eic/site/icgc.nsf/eng/h_07033.html,9646,10418,127,0
Create an account - step 2 of 2 - My ISED Account - ISED,http://www.ic.gc.ca/app/scr/registration-inscription/register.html,http://www.ic.gc.ca/app/scr/registration-inscription/register.html,9509,18888,129,0
"Canada Business App - Innovation, Science and Economic Development Canada",http://www.ic.gc.ca/eic/site/icgc.nsf/eng/h_07670.html,http://www.ic.gc.ca/eic/site/icgc.nsf/eng/h_07670.html,9450,10418,189,0
Create an account - success - My ISED Account - ISED,http://strategis.ic.gc.ca/app/scr/registration-inscription/success.html,http://strategis.ic.gc.ca/app/scr/registration-inscription/success.html,9327,10017,162,0
"Programs and initiatives - Innovation, Science and Economic Development Canada",http://www.ic.gc.ca/eic/site/icgc.nsf/eng/h_07654.html,http://www.ic.gc.ca/eic/site/icgc.nsf/eng/h_07654.html,9208,12832,167,0
"List of Readers/Viewers - Innovation, Science and Economic Development Canada",http://www.ic.gc.ca/eic/site/icgc.nsf/eng/07134.html,http://www.ic.gc.ca/eic/site/icgc.nsf/eng/07134.html,8902,10553,251,0
Create an account - success - My ISED Account - ISED,http://www.ic.gc.ca/app/scr/registration-inscription/success.html,http://www.ic.gc.ca/app/scr/registration-inscription/success.html,8349,8685,263,0
"Senior officials and sectors - Innovation, Science and Economic Development Canada",http://www.ic.gc.ca/eic/site/icgc.nsf/eng/h_00019.html,http://www.ic.gc.ca/eic/site/icgc.nsf/eng/h_00019.html,8095,12996,121,0
Matching username(s) - My ISED Account - ISED,http://www.ic.gc.ca/app/scr/registration-inscription/ForgotUsername.html,http://www.ic.gc.ca/app/scr/registration-inscription/ForgotUsername.html,6643,9696,55,0
Accéder à votre compte - Mon compte à Industrie Canada - Industrie Canada,http://www.ic.gc.ca/app/scr/registration-inscription/accueil.html?lang=fra,http://www.ic.gc.ca/app/scr/registration-inscription/accueil.html?lang=fra,5665,8621,45,0
"Our organization - Innovation, Science and Economic Development Canada",http://www.ic.gc.ca/eic/site/icgc.nsf/eng/h_00007.html,http://www.ic.gc.ca/eic/site/icgc.nsf/eng/h_00007.html,5259,8245,34,0
Answer your challenge question - My ISED Account - ISED,http://www.ic.gc.ca/app/scr/registration-inscription/ForgotPasswordGen.html,http://www.ic.gc.ca/app/scr/registration-inscription/ForgotPasswordGen.html,5221,10444,24,0
"Our ministers - Innovation, Science and Economic Development Canada",http://www.ic.gc.ca/eic/site/icgc.nsf/eng/h_00279.html,http://www.ic.gc.ca/eic/site/icgc.nsf/eng/h_00279.html,5203,6241,104,0
Password reset success - My ISED Account - ISED,http://www.ic.gc.ca/app/scr/registration-inscription/success2.html,http://www.ic.gc.ca/app/scr/registration-inscription/success2.html,4468,4876,138,0
Access your account - My ISED Account - ISED,http://strategis.ic.gc.ca/app/scr/registration-inscription/home.html,http://strategis.ic.gc.ca/app/scr/registration-inscription/home.html,4274,6457,44,0
"Canada's Regional Development Agencies - Innovation, Science and Economic Development Canada",http://www.ic.gc.ca/eic/site/icgc.nsf/eng/h_07662.html,http://www.ic.gc.ca/eic/site/icgc.nsf/eng/h_07662.html,4271,5407,212,0
We found your username(s) - My ISED Account - ISED,http://www.ic.gc.ca/app/scr/registration-inscription/usernameEmailSuccess.html,http://www.ic.gc.ca/app/scr/registration-inscription/usernameEmailSuccess.html,3758,4087,114,0
Update your personal information - My ISED Account - ISED,http://www.ic.gc.ca/app/scr/registration-inscription/update/updatePersonal.html,http://www.ic.gc.ca/app/scr/registration-inscription/update/updatePersonal.html,3137,3974,48,0
"Mandate - Innovation, Science and Economic Development Canada",http://www.ic.gc.ca/eic/site/icgc.nsf/eng/h_00018.html,http://www.ic.gc.ca/eic/site/icgc.nsf/eng/h_00018.html,3114,3794,142,0
Créer un compte - étape 2 de 2 - Mon compte à Industrie Canada - Industrie Canada,http://www.ic.gc.ca/app/scr/registration-inscription/Creer.html,http://www.ic.gc.ca/app/scr/registration-inscription/Creer.html,2715,5487,129,0
Change your password - My ISED Account - ISED,http://www.ic.gc.ca/app/scr/registration-inscription/update/updatePassword.html,http://www.ic.gc.ca/app/scr/registration-inscription/update/updatePassword.html,2708,4305,44,0
"Conditions - Innovation, Sciences et Développement économique Canada",http://www.ic.gc.ca/eic/site/icgc.nsf/fra/h_07033.html,http://www.ic.gc.ca/eic/site/icgc.nsf/fra/h_07033.html,2620,2862,127,0
We found your username(s) - My ISED Account - ISED,http://strategis.ic.gc.ca/app/scr/registration-inscription/usernameEmailSuccess.html,http://strategis.ic.gc.ca/app/scr/registration-inscription/usernameEmailSuccess.html,2546,2772,87,0
Créer un compte - réussi - Mon compte à Industrie Canada - Industrie Canada,http://www.ic.gc.ca/app/scr/registration-inscription/CreerUnCompteReussi.html,http://www.ic.gc.ca/app/scr/registration-inscription/CreerUnCompteReussi.html,2449,2547,287,0
"Portefeuille de l'Innovation, Sciences et Développement économique - Innovation, Sciences et Développement économique Canada",http://www.ic.gc.ca/eic/site/icgc.nsf/fra/h_00022.html,http://www.ic.gc.ca/eic/site/icgc.nsf/fra/h_00022.html,2332,2978,126,0
"John Knubley - Innovation, Science and Economic Development Canada",http://www.ic.gc.ca/eic/site/icgc.nsf/eng/h_07015.html,http://www.ic.gc.ca/eic/site/icgc.nsf/eng/h_07015.html,2272,2630,107,0
Accéder à votre compte - Mon compte à Industrie Canada - Industrie Canada,http://strategis.ic.gc.ca/app/scr/registration-inscription/home.html?lang=fra,http://strategis.ic.gc.ca/app/scr/registration-inscription/home.html?lang=fra,2115,3550,40,0
Answer your challenge question - My ISED Account - ISED,http://strategis.ic.gc.ca/app/scr/registration-inscription/ForgotPasswordGen.html,http://strategis.ic.gc.ca/app/scr/registration-inscription/ForgotPasswordGen.html,2108,3955,23,0
"Appli Entreprises Canada - Innovation, Sciences et Développement économique Canada",http://www.ic.gc.ca/eic/site/icgc.nsf/fra/h_07670.html,http://www.ic.gc.ca/eic/site/icgc.nsf/fra/h_07670.html,2061,2314,142,0
Update your account - My ISED Account - ISED,http://strategis.ic.gc.ca/app/scr/registration-inscription/update/update.html,http://strategis.ic.gc.ca/app/scr/registration-inscription/update/update.html,2043,4187,37,0
"Contact us by email - Innovation, Science and Economic Development Canada",http://www.ic.gc.ca/eic/site/icgc.nsf/frm-eng/YDES-8VAL9G,http://www.ic.gc.ca/eic/site/icgc.nsf/frm-eng/YDES-8VAL9G,1991,2109,151,0
"Search - Innovation, Science and Economic Development Canada",http://www.ic.gc.ca/eic/site/icgc.nsf/eng/06957.html,http://www.ic.gc.ca/eic/site/icgc.nsf/eng/06957.html,1982,2497,183,0
"Liste de lecteurs et visualiseurs - Innovation, Sciences et Développement économique Canada",http://www.ic.gc.ca/eic/site/icgc.nsf/fra/07134.html,http://www.ic.gc.ca/eic/site/icgc.nsf/fra/07134.html,1866,2171,272,0
Password reset success - My ISED Account - ISED,http://strategis.ic.gc.ca/app/scr/registration-inscription/success2.html,http://strategis.ic.gc.ca/app/scr/registration-inscription/success2.html,1818,1975,154,0
"Programmes et initiatives - Innovation, Sciences et Développement économique Canada",http://www.ic.gc.ca/eic/site/icgc.nsf/fra/h_07654.html,http://www.ic.gc.ca/eic/site/icgc.nsf/fra/h_07654.html,1794,2503,174,0
Financement - Cartes - Industrie Canada,http://www.ic.gc.ca/app/scr/cmb-dgcm/poi-pi/mp.html?lang=fra&tpcId=1,http://www.ic.gc.ca/app/scr/cmb-dgcm/poi-pi/mp.html?lang=fra&tpcId=1,1793,2197,216,0
"Contact us by mail - Innovation, Science and Economic Development Canada",http://www.ic.gc.ca/eic/site/icgc.nsf/eng/07150.html,http://www.ic.gc.ca/eic/site/icgc.nsf/eng/07150.html,1599,1813,150,0
"Enquiry/Feedback Acknowledgement - Innovation, Science and Economic Development Canada",http://www.ic.gc.ca/eic/site/icgc.nsf/eng/00281.html,http://www.ic.gc.ca/eic/site/icgc.nsf/eng/00281.html,1390,1730,175,0
"Nos ministres - Innovation, Sciences et Développement économique Canada",http://www.ic.gc.ca/eic/site/icgc.nsf/fra/h_00279.html,http://www.ic.gc.ca/eic/site/icgc.nsf/fra/h_00279.html,1267,1511,117,0
"About us - Innovation, Science and Economic Development Canada",http://www.ic.gc.ca/eic/site/icgc.nsf/eng/h_07017.html,http://www.ic.gc.ca/eic/site/icgc.nsf/eng/h_07017.html,1249,1683,49,0
Update your personal information - My ISED Account - ISED,http://strategis.ic.gc.ca/app/scr/registration-inscription/update/updatePersonal.html,http://strategis.ic.gc.ca/app/scr/registration-inscription/update/updatePersonal.html,1154,1436,58,0
Créer un compte - étape 2 de 2 - Mon compte à Industrie Canada - Industrie Canada,http://strategis.ic.gc.ca/app/scr/registration-inscription/Creer.html,http://strategis.ic.gc.ca/app/scr/registration-inscription/Creer.html,1128,2440,137,0
Accéder à votre compte - Mon compte à Industrie Canada - Industrie Canada,http://www.ic.gc.ca/app/scr/registration-inscription/accueil.html,http://www.ic.gc.ca/app/scr/registration-inscription/accueil.html,1106,1647,53,0
Accéder à votre compte - Mon compte à Industrie Canada - Industrie Canada,http://www.ic.gc.ca/app/scr/registration-inscription/home.html?lang=fra,http://www.ic.gc.ca/app/scr/registration-inscription/home.html?lang=fra,1061,1284,99,0
"Hauts fonctionnaires et les secteurs - Innovation, Sciences et Développement économique Canada",http://www.ic.gc.ca/eic/site/icgc.nsf/fra/h_00019.html,http://www.ic.gc.ca/eic/site/icgc.nsf/fra/h_00019.html,1061,1687,139,0
"Stay connected - Innovation, Science and Economic Development Canada",http://www.ic.gc.ca/eic/site/icgc.nsf/eng/h_07031.html,http://www.ic.gc.ca/eic/site/icgc.nsf/eng/h_07031.html,1049,1249,82,0
"Innovation, Science and Economic Development Canada: Internet and Electronic Network Usage Policy - Innovation, Science and Economic Development Canada",http://www.ic.gc.ca/eic/site/icgc.nsf/eng/h_07652.html,http://www.ic.gc.ca/eic/site/icgc.nsf/eng/h_07652.html,1032,1159,100,0
Créer un compte - réussi - Mon compte à Industrie Canada - Industrie Canada,http://strategis.ic.gc.ca/app/scr/registration-inscription/CreerUnCompteReussi.html,http://strategis.ic.gc.ca/app/scr/registration-inscription/CreerUnCompteReussi.html,1012,1070,179,0
Créer un compte - étape 1 de 2 - Mon compte à Industrie Canada - Industrie Canada,http://www.ic.gc.ca/app/scr/registration-inscription/CreerUnCompte.html?lang=fra,http://www.ic.gc.ca/app/scr/registration-inscription/CreerUnCompte.html?lang=fra,987,1340,34,0
"Mandat - Innovation, Sciences et Développement économique Canada",http://www.ic.gc.ca/eic/site/icgc.nsf/fra/h_00018.html,http://www.ic.gc.ca/eic/site/icgc.nsf/fra/h_00018.html,928,1140,163,0
"David McGovern - Innovation, Science and Economic Development Canada",http://www.ic.gc.ca/eic/site/icgc.nsf/eng/h_07016.html,http://www.ic.gc.ca/eic/site/icgc.nsf/eng/h_07016.html,908,1040,110,0
"Forms, reports, guides … - Innovation, Science and Economic Development Canada",http://www.ic.gc.ca/eic/site/icgc.nsf/eng/h_07111.html,http://www.ic.gc.ca/eic/site/icgc.nsf/eng/h_07111.html,884,1163,140,0
"Privacy notice - Innovation, Science and Economic Development Canada",http://www.ic.gc.ca/eic/site/icgc.nsf/eng/07139.html,http://www.ic.gc.ca/eic/site/icgc.nsf/eng/07139.html,824,891,127,0
Mettre à jour vos renseignements personnels - Mon compte à Industrie Canada - Industrie Canada,http://www.ic.gc.ca/app/scr/registration-inscription/miseajour/miseajourDinfo.html,http://www.ic.gc.ca/app/scr/registration-inscription/miseajour/miseajourDinfo.html,756,957,44,0
"Public consultations - Innovation, Science and Economic Development Canada",http://www.ic.gc.ca/eic/site/icgc.nsf/eng/h_02888.html,http://www.ic.gc.ca/eic/site/icgc.nsf/eng/h_02888.html,748,951,135,0
"Notre organisation - Innovation, Sciences et Développement économique Canada",http://www.ic.gc.ca/eic/site/icgc.nsf/fra/h_00007.html,http://www.ic.gc.ca/eic/site/icgc.nsf/fra/h_00007.html,720,1182,43,0
"Les agences de développement régional du Canada - Innovation, Sciences et Développement économique Canada",http://www.ic.gc.ca/eic/site/icgc.nsf/fra/h_07662.html,http://www.ic.gc.ca/eic/site/icgc.nsf/fra/h_07662.html,719,871,167,0
"About copyright - Innovation, Science and Economic Development Canada",http://www.ic.gc.ca/eic/site/icgc.nsf/eng/07415.html,http://www.ic.gc.ca/eic/site/icgc.nsf/eng/07415.html,714,798,241,0
"Guylaine Roy - Innovation, Science and Economic Development Canada",http://www.ic.gc.ca/eic/site/icgc.nsf/eng/h_07661.html,http://www.ic.gc.ca/eic/site/icgc.nsf/eng/h_07661.html,677,749,106,0
"Paul Thompson - Innovation, Science and Economic Development Canada",http://www.ic.gc.ca/eic/site/icgc.nsf/eng/h_07655.html,http://www.ic.gc.ca/eic/site/icgc.nsf/eng/h_07655.html,624,704,92,0
"À propos du droit d'auteur - Innovation, Sciences et Développement économique Canada",http://www.ic.gc.ca/eic/site/icgc.nsf/fra/07415.html,http://www.ic.gc.ca/eic/site/icgc.nsf/fra/07415.html,562,641,317,0
Change your challenge question - My ISED Account - ISED,http://www.ic.gc.ca/app/scr/registration-inscription/update/updateSecretQuestion.html,http://www.ic.gc.ca/app/scr/registration-inscription/update/updateSecretQuestion.html,557,635,41,0
Changer votre mot de passe - Mon compte à Industrie Canada - Industrie Canada,http://www.ic.gc.ca/app/scr/registration-inscription/miseajour/miseajourMotDePasse.html,http://www.ic.gc.ca/app/scr/registration-inscription/miseajour/miseajourMotDePasse.html,555,820,46,0
"Subscribe to receive newsletters and email updates - Innovation, Science and Economic Development Canada",http://www.ic.gc.ca/eic/site/icgc.nsf/eng/h_07034.html,http://www.ic.gc.ca/eic/site/icgc.nsf/eng/h_07034.html,527,733,104,0
Investments in Canadian Post-Secondary Institutions - Maps - Industry Canada,http://www.ic.gc.ca/app/scr/cmb-dgcm/poi-pi/mp.html?lang=eng&tpcId=241,http://www.ic.gc.ca/app/scr/cmb-dgcm/poi-pi/mp.html?lang=eng&tpcId=241,474,831,132,0
,http://www.ic.gc.ca/app/scr/cmb-dgcm/poi-pi/mp.html?lang=eng&tpcId=101,http://www.ic.gc.ca/app/scr/cmb-dgcm/poi-pi/mp.html?lang=eng&tpcId=101,457,575,199,0
Create an account - step 1 of 2 - My ISED Account - ISED,http://www.ic.gc.ca/app/scr/registration-inscription/register_email.html?lang=eng,http://www.ic.gc.ca/app/scr/registration-inscription/register_email.html?lang=eng,433,579,64,0
"Contact us by phone / fax - Innovation, Science and Economic Development Canada",http://www.ic.gc.ca/eic/site/icgc.nsf/eng/07148.html,http://www.ic.gc.ca/eic/site/icgc.nsf/eng/07148.html,369,408,176,0
Industries and business - Maps - Industry Canada,http://www.ic.gc.ca/app/scr/cmb-dgcm/poi-pi/mp.html?lang=eng&tpcId=5,http://www.ic.gc.ca/app/scr/cmb-dgcm/poi-pi/mp.html?lang=eng&tpcId=5,356,429,188,0
"Apply for crown copyright clearance - Innovation, Science and Economic Development Canada",http://www.ic.gc.ca/eic/site/icgc.nsf/eng/07413.html,http://www.ic.gc.ca/eic/site/icgc.nsf/eng/07413.html,355,463,34,0
Accéder à votre compte - Mon compte à Industrie Canada - Industrie Canada,http://strategis.ic.gc.ca/app/scr/registration-inscription/accueil.html,http://strategis.ic.gc.ca/app/scr/registration-inscription/accueil.html,354,458,55,0
"Contactez-nous par la poste - Innovation, Sciences et Développement économique Canada",http://www.ic.gc.ca/eic/site/icgc.nsf/fra/07150.html,http://www.ic.gc.ca/eic/site/icgc.nsf/fra/07150.html,330,376,190,0
Change your password - My ISED Account - ISED,http://strategis.ic.gc.ca/app/scr/registration-inscription/update/updatePassword.html,http://strategis.ic.gc.ca/app/scr/registration-inscription/update/updatePassword.html,295,514,44,0
"Recherche - Innovation, Sciences et Développement économique Canada",http://www.ic.gc.ca/eic/site/icgc.nsf/fra/06957.html,http://www.ic.gc.ca/eic/site/icgc.nsf/fra/06957.html,287,372,110,0
"Restez branchés - Innovation, Sciences et Développement économique Canada",http://www.ic.gc.ca/eic/site/icgc.nsf/fra/h_07031.html,http://www.ic.gc.ca/eic/site/icgc.nsf/fra/h_07031.html,286,312,89,0
"Standards of Service to the Public - Innovation, Science and Economic Development Canada",http://www.ic.gc.ca/eic/site/icgc.nsf/eng/07543.html,http://www.ic.gc.ca/eic/site/icgc.nsf/eng/07543.html,282,313,92,0
"Policies and research - Innovation, Science and Economic Development Canada",http://www.ic.gc.ca/eic/site/icgc.nsf/eng/h_07024.html,http://www.ic.gc.ca/eic/site/icgc.nsf/eng/h_07024.html,274,330,124,0
"Copyright—Written permission - Innovation, Science and Economic Development Canada",http://www.ic.gc.ca/eic/site/icgc.nsf/eng/07414.html,http://www.ic.gc.ca/eic/site/icgc.nsf/eng/07414.html,264,315,72,0
"Apply for Crown Copyright Clearance - Innovation, Science and Economic Development Canada",http://www.ic.gc.ca/eic/site/icgc.nsf/frm-eng/EABV-9DDLWL,http://www.ic.gc.ca/eic/site/icgc.nsf/frm-eng/EABV-9DDLWL,258,757,102,0
"Guylaine Roy - Innovation, Sciences et Développement économique Canada",http://www.ic.gc.ca/eic/site/icgc.nsf/fra/h_07661.html,http://www.ic.gc.ca/eic/site/icgc.nsf/fra/h_07661.html,249,294,140,0
"Renseignements/rétroaction — Accusé de réception - Innovation, Sciences et Développement économique Canada",http://www.ic.gc.ca/eic/site/icgc.nsf/fra/00281.html,http://www.ic.gc.ca/eic/site/icgc.nsf/fra/00281.html,228,272,135,0
"À propos de nous - Innovation, Sciences et Développement économique Canada",http://www.ic.gc.ca/eic/site/icgc.nsf/fra/h_07017.html,http://www.ic.gc.ca/eic/site/icgc.nsf/fra/h_07017.html,218,293,53,0
"Ministers - Innovation, Science and Economic Development Canada",http://www.ic.gc.ca/eic/site/icgc.nsf/eng/00024.html,http://www.ic.gc.ca/eic/site/icgc.nsf/eng/00024.html,215,260,103,0
"Home - Innovation, Science and Economic Development Canada",http://www.ic.gc.ca//eic/site/icgc.nsf/eng/home,http://www.ic.gc.ca//eic/site/icgc.nsf/eng/home,186,244,78,0
"Formulaires, rapports, guides… - Innovation, Sciences et Développement économique Canada",http://www.ic.gc.ca/eic/site/icgc.nsf/fra/h_07111.html,http://www.ic.gc.ca/eic/site/icgc.nsf/fra/h_07111.html,166,218,95,0
700 MHz Spectrum Auction FAQs - 700�MHz Spectrum Auction,http://www.ic.gc.ca/eic/site/ic-gc.nsf/eng/07398.html,http://www.ic.gc.ca/eic/site/ic-gc.nsf/eng/07398.html,162,203,229,0
"Canadian Statistics Advisory Council: Biographies - Innovation, Science and Economic Development Canada",http://www.ic.gc.ca/eic/site/icgc.nsf/eng/07671.html,http://www.ic.gc.ca/eic/site/icgc.nsf/eng/07671.html,156,190,345,0
"Contactez-nous par courriel - Innovation, Sciences et Développement économique Canada",http://www.ic.gc.ca/eic/site/icgc.nsf/frm-fra/YDES-8VAL9G,http://www.ic.gc.ca/eic/site/icgc.nsf/frm-fra/YDES-8VAL9G,152,157,186,0
Mettre à jour vos renseignements personnels - Mon compte à Industrie Canada - Industrie Canada,http://strategis.ic.gc.ca/app/scr/registration-inscription/miseajour/miseajourDinfo.html,http://strategis.ic.gc.ca/app/scr/registration-inscription/miseajour/miseajourDinfo.html,144,180,44,0
"John Knubley - Innovation, Sciences et Développement économique Canada",http://www.ic.gc.ca/eic/site/icgc.nsf/fra/h_07015.html,http://www.ic.gc.ca/eic/site/icgc.nsf/fra/h_07015.html,142,163,108,0
"Avis de confidentialité - Innovation, Sciences et Développement économique Canada",http://www.ic.gc.ca/eic/site/icgc.nsf/fra/07139.html,http://www.ic.gc.ca/eic/site/icgc.nsf/fra/07139.html,138,151,125,0
"Normes pour le service au public - Innovation, Sciences et Développement économique Canada",http://www.ic.gc.ca/eic/site/icgc.nsf/fra/07543.html,http://www.ic.gc.ca/eic/site/icgc.nsf/fra/07543.html,137,140,64,0
"Contactez-nous par téléphone / télécopieur - Innovation, Sciences et Développement économique Canada",http://www.ic.gc.ca/eic/site/icgc.nsf/fra/07148.html,http://www.ic.gc.ca/eic/site/icgc.nsf/fra/07148.html,131,143,132,0
"Politique d’Innovation, Sciences et Développement économique Canada relative à l’utilisation d’Internet et des réseaux électroniques - Innovation, Sciences et Développement économique Canada",http://www.ic.gc.ca/eic/site/icgc.nsf/fra/h_07652.html,http://www.ic.gc.ca/eic/site/icgc.nsf/fra/h_07652.html,127,148,133,0
"Persistent and per-session cookies - Innovation, Science and Economic Development Canada",http://www.ic.gc.ca/eic/site/icgc.nsf/eng/h_07147.html,http://www.ic.gc.ca/eic/site/icgc.nsf/eng/h_07147.html,124,128,39,0
"Consultations publiques - Innovation, Sciences et Développement économique Canada",http://www.ic.gc.ca/eic/site/icgc.nsf/fra/h_02888.html,http://www.ic.gc.ca/eic/site/icgc.nsf/fra/h_02888.html,120,146,58,0
Accéder à votre compte - Mon compte à Industrie Canada - Industrie Canada,http://strategis.ic.gc.ca/app/scr/registration-inscription/accueil.html?lang=fra,http://strategis.ic.gc.ca/app/scr/registration-inscription/accueil.html?lang=fra,117,152,45,0
Modifiez votre question de récupération du mot de passe - Mon compte à Industrie Canada - Industrie Canada,http://www.ic.gc.ca/app/scr/registration-inscription/miseajour/miseajourQuestionSecret.html,http://www.ic.gc.ca/app/scr/registration-inscription/miseajour/miseajourQuestionSecret.html,113,131,32,0
Change your challenge question - My ISED Account - ISED,http://strategis.ic.gc.ca/app/scr/registration-inscription/update/updateSecretQuestion.html,http://strategis.ic.gc.ca/app/scr/registration-inscription/update/updateSecretQuestion.html,107,133,38,0
,http://www.ic.gc.ca/app/scr/cmb-dgcm/poi-pi/mp.html?lang=fra&tpcId=101,http://www.ic.gc.ca/app/scr/cmb-dgcm/poi-pi/mp.html?lang=fra&tpcId=101,106,151,174,0
NCP Project Discovery Portal – Current Projects - Maps - Industry Canada,http://www.ic.gc.ca/app/scr/cmb-dgcm/poi-pi/mp.html?lang=eng&tpcId=282,http://www.ic.gc.ca/app/scr/cmb-dgcm/poi-pi/mp.html?lang=eng&tpcId=282,104,134,164,0
"Ministres - Innovation, Sciences et Développement économique Canada",http://www.ic.gc.ca/eic/site/icgc.nsf/fra/00024.html,http://www.ic.gc.ca/eic/site/icgc.nsf/fra/00024.html,103,112,187,0
"Demander l'affranchissement de droit d'auteur - Innovation, Sciences et Développement économique Canada",http://www.ic.gc.ca/eic/site/icgc.nsf/fra/07413.html,http://www.ic.gc.ca/eic/site/icgc.nsf/fra/07413.html,96,116,93,0
"RSS feeds - Innovation, Science and Economic Development Canada",http://www.ic.gc.ca/eic/site/icgc.nsf/eng/h_07032.html,http://www.ic.gc.ca/eic/site/icgc.nsf/eng/h_07032.html,92,156,50,0
"Search - Innovation, Science and Economic Development Canada",http://www1.ic.gc.ca/eic/site/icgc.nsf/eng/06957.html,http://www1.ic.gc.ca/eic/site/icgc.nsf/eng/06957.html,80,97,89,0
"David McGovern - Innovation, Sciences et Développement économique Canada",http://www.ic.gc.ca/eic/site/icgc.nsf/fra/h_07016.html,http://www.ic.gc.ca/eic/site/icgc.nsf/fra/h_07016.html,70,83,95,0
Access your account - My ISED Account - ISED,http://ic.gc.ca/app/scr/registration-inscription/home.html?lang=eng,http://ic.gc.ca/app/scr/registration-inscription/home.html?lang=eng,70,104,95,0
"Demande d'affranchissement de droit d'auteur - Innovation, Sciences et Développement économique Canada",http://www.ic.gc.ca/eic/site/icgc.nsf/frm-fra/EABV-9DDLWL,http://www.ic.gc.ca/eic/site/icgc.nsf/frm-fra/EABV-9DDLWL,69,108,95,0
"Home - Innovation, Science and Economic Development Canada",http://www1.ic.gc.ca/eic/site/icgc.nsf/eng/home,http://www1.ic.gc.ca/eic/site/icgc.nsf/eng/home,65,81,241,0
Investissements pour les pour les établissements postsecondaires Canadiens - Cartes - Industrie Canada,http://www.ic.gc.ca/app/scr/cmb-dgcm/poi-pi/mp.html?lang=fra&tpcId=241,http://www.ic.gc.ca/app/scr/cmb-dgcm/poi-pi/mp.html?lang=fra&tpcId=241,61,107,144,0
Download a listing of points of interest for topic: Financing - Maps - Industry Canada,http://www.ic.gc.ca/app/scr/cmb-dgcm/poi-pi/hm/ccss.html?tpcId=1,http://www.ic.gc.ca/app/scr/cmb-dgcm/poi-pi/hm/ccss.html?tpcId=1,61,88,59,0
"Contact Innovation, Science and Economic Development Canada - Innovation, Science and Economic Development Canada",http://www1.ic.gc.ca/eic/site/icgc.nsf/eng/h_07026.html,http://www1.ic.gc.ca/eic/site/icgc.nsf/eng/h_07026.html,57,89,190,0
"History - Innovation, Science and Economic Development Canada",http://www.ic.gc.ca/eic/site/icgc.nsf/eng/h_00023.html,http://www.ic.gc.ca/eic/site/icgc.nsf/eng/h_00023.html,56,80,10,0
"List: Forms, reports, guides... - Innovation, Science and Economic Development Canada",http://www.ic.gc.ca/eic/site/icgc.nsf/eng/07128.html,http://www.ic.gc.ca/eic/site/icgc.nsf/eng/07128.html,56,97,131,0
"Politiques et recherche - Innovation, Sciences et Développement économique Canada",http://www.ic.gc.ca/eic/site/icgc.nsf/fra/h_07024.html,http://www.ic.gc.ca/eic/site/icgc.nsf/fra/h_07024.html,50,57,167,0
"Accueil - Innovation, Sciences et Développement économique Canada",http://www.ic.gc.ca//eic/site/icgc.nsf/fra/accueil,http://www.ic.gc.ca//eic/site/icgc.nsf/fra/accueil,50,60,132,0
"Inscrivez-vous aux bulletins et aux mises à jour par courriel - Innovation, Sciences et Développement économique Canada",http://www.ic.gc.ca/eic/site/icgc.nsf/fra/h_07034.html,http://www.ic.gc.ca/eic/site/icgc.nsf/fra/h_07034.html,47,71,140,0
"Paul Thompson - Innovation, Sciences et Développement économique Canada",http://www.ic.gc.ca/eic/site/icgc.nsf/fra/h_07655.html,http://www.ic.gc.ca/eic/site/icgc.nsf/fra/h_07655.html,42,45,69,0
,http://www.ic.gc.ca/eic/site/icgc.nsf/fra/h_07147.html,http://www.ic.gc.ca/eic/site/icgc.nsf/fra/h_07147.html,42,45,25,0
Access your account - My ISED Account - ISED,http://oti.ic.gc.ca/app/scr/registration-inscription/home.html?lang=eng,http://oti.ic.gc.ca/app/scr/registration-inscription/home.html?lang=eng,42,71,33,0
"Forms, reports, guides … - Innovation, Science and Economic Development Canada",http://www1.ic.gc.ca/eic/site/icgc.nsf/eng/h_07111.html,http://www1.ic.gc.ca/eic/site/icgc.nsf/eng/h_07111.html,40,54,194,0
"Secretaries/Ministers of State - Innovation, Science and Economic Development Canada",http://www.ic.gc.ca/eic/site/icgc.nsf/eng/00026.html,http://www.ic.gc.ca/eic/site/icgc.nsf/eng/00026.html,37,50,198,0
"Conseil consultatif canadien de la statistique – Notices biographiques - Innovation, Sciences et Développement économique Canada",http://www.ic.gc.ca/eic/site/icgc.nsf/fra/07671.html,http://www.ic.gc.ca/eic/site/icgc.nsf/fra/07671.html,37,45,419,0
Créer un compte - étape 1 de 2 - Mon compte à Industrie Canada - Industrie Canada,http://www.ic.gc.ca/app/scr/registration-inscription/CreerUnCompte.html,http://www.ic.gc.ca/app/scr/registration-inscription/CreerUnCompte.html,35,42,30,0
"Contact Innovation, Science and Economic Development Canada - Innovation, Science and Economic Development Canada",http://www.nuans.com/eic/site/icgc.nsf/eng/h_07026.html,http://www.nuans.com/eic/site/icgc.nsf/eng/h_07026.html,35,40,77,0
"Ministers of Innovation, Science and Economic Development's Precursor Departments - Innovation, Science and Economic Development Canada",http://www.ic.gc.ca/eic/site/icgc.nsf/eng/00025.html,http://www.ic.gc.ca/eic/site/icgc.nsf/eng/00025.html,34,38,153,0
,http://www.ic.gc.ca/Users/chris.robertson/Downloads/us.sitesucker.mac.sitesucker/www.ic.gc.ca/eic/site/icgc.nsf/eng/h_07026.html,http://www.ic.gc.ca/Users/chris.robertson/Downloads/us.sitesucker.mac.sitesucker/www.ic.gc.ca/eic/site/icgc.nsf/eng/h_07026.html,34,119,243,0
"Feedback - Innovation, Science and Economic Development Canada",http://www.ic.gc.ca/eic/site/icgc.nsf/frm-eng/VVIK-9A5SHD,http://www.ic.gc.ca/eic/site/icgc.nsf/frm-eng/VVIK-9A5SHD,33,33,0,0
Changer votre mot de passe - Mon compte à Industrie Canada - Industrie Canada,http://strategis.ic.gc.ca/app/scr/registration-inscription/miseajour/miseajourMotDePasse.html,http://strategis.ic.gc.ca/app/scr/registration-inscription/miseajour/miseajourMotDePasse.html,33,54,44,0
"Kimberly Eadie - Innovation, Science and Economic Development Canada",http://www.ic.gc.ca/eic/site/icgc.nsf/mail/Kimberly_Eadie,http://www.ic.gc.ca/eic/site/icgc.nsf/mail/Kimberly_Eadie,27,34,49,0
Access your account - My ISED Account - ISED,http://oti.ic.gc.ca/app/scr/registration-inscription/home.html,http://oti.ic.gc.ca/app/scr/registration-inscription/home.html,24,53,71,0
"Droit d'auteur — Permission écrite - Innovation, Sciences et Développement économique Canada",http://www.ic.gc.ca/eic/site/icgc.nsf/fra/07414.html,http://www.ic.gc.ca/eic/site/icgc.nsf/fra/07414.html,21,25,140,0
"Liste : formulaires, reports et guides... - Innovation, Sciences et Développement économique Canada",http://www.ic.gc.ca/eic/site/icgc.nsf/fra/07128.html,http://www.ic.gc.ca/eic/site/icgc.nsf/fra/07128.html,20,21,56,0
,http://www1.ic.gc.ca/eic/site/icgc.nsf/fra/h_07026.html,http://www1.ic.gc.ca/eic/site/icgc.nsf/fra/h_07026.html,20,29,149,0
"Fils RSS - Innovation, Sciences et Développement économique Canada",http://www.ic.gc.ca/eic/site/icgc.nsf/fra/h_07032.html,http://www.ic.gc.ca/eic/site/icgc.nsf/fra/h_07032.html,18,27,22,0
"ISED’s Scientific Integrity Policy - Innovation, Science and Economic Development Canada",http://www.ic.gc.ca/eic/site/icgc.nsf/eng/07669.html,http://www.ic.gc.ca/eic/site/icgc.nsf/eng/07669.html,18,22,258,0
"Home - Innovation, Science and Economic Development Canada",http://www.ic.gc.ca./eic/site/icgc.nsf/eng/home,http://www.ic.gc.ca./eic/site/icgc.nsf/eng/home,18,24,179,0
"Money and finances theme – Promotional features - Innovation, Science and Economic Development Canada",http://www.ic.gc.ca/eic/site/icgc.nsf/frm-eng/MMCN-A3HMJJ,http://www.ic.gc.ca/eic/site/icgc.nsf/frm-eng/MMCN-A3HMJJ,18,32,524,0
,http://www.ic.gc.ca/eic/site/icgc.nsf/eng/07133.html,http://www.ic.gc.ca/eic/site/icgc.nsf/eng/07133.html,17,17,163,0
"Science and innovation theme – Promotional features - Innovation, Science and Economic Development Canada",http://www.ic.gc.ca/eic/site/icgc.nsf/frm-eng/MMCN-9VZKNH,http://www.ic.gc.ca/eic/site/icgc.nsf/frm-eng/MMCN-9VZKNH,17,26,325,0
GSC 175 - Maps - Industry Canada,http://www.ic.gc.ca/app/scr/cmb-dgcm/poi-pi/mp.html?lang=eng&tpcId=201,http://www.ic.gc.ca/app/scr/cmb-dgcm/poi-pi/mp.html?lang=eng&tpcId=201,17,23,103,0
,http://www.ic.gc.ca/eic/site/ic-gc.nsf/fra/07398.html,http://www.ic.gc.ca/eic/site/ic-gc.nsf/fra/07398.html,17,18,11,0
"Secrétaires d'État et ministres d'État - Innovation, Sciences et Développement économique Canada",http://www.ic.gc.ca/eic/site/icgc.nsf/fra/00026.html,http://www.ic.gc.ca/eic/site/icgc.nsf/fra/00026.html,17,17,266,0
"Home - Innovation, Science and Economic Development Canada",http://ised-lex-web-ui-pipe-pipeline-2uiogg-webappbucket-ihtkgy7w2vl4.s3.amazonaws.com/www.ic.gc.ca/eic/site/icgc.nsf/eng/home.html,http://ised-lex-web-ui-pipe-pipeline-2uiogg-webappbucket-ihtkgy7w2vl4.s3.amazonaws.com/www.ic.gc.ca/eic/site/icgc.nsf/eng/home.html,17,29,433,0
Mettre votre compte à jour - Mon compte à Industrie Canada - Industrie Canada,http://www.ic.gc.ca/app/scr/registration-inscription/miseajour/miseajour.html?lang=fra,http://www.ic.gc.ca/app/scr/registration-inscription/miseajour/miseajour.html?lang=fra,16,21,165,0
Update your account - My ISED Account - ISED,http://www.ic.gc.ca/app/scr/registration-inscription/update/update.html?lang=eng,http://www.ic.gc.ca/app/scr/registration-inscription/update/update.html?lang=eng,15,24,101,0
Créer un compte - étape 1 de 2 - Mon compte à Industrie Canada - Industrie Canada,http://strategis.ic.gc.ca/app/scr/registration-inscription/CreerUnCompte.html,http://strategis.ic.gc.ca/app/scr/registration-inscription/CreerUnCompte.html,15,21,28,0
,http://www1.ic.gc.ca/eic/site/icgc.nsf/fra/06957.html,http://www1.ic.gc.ca/eic/site/icgc.nsf/fra/06957.html,15,16,134,0
Nom(s) d'utilisateur correspondant(s) - Mon compte à Industrie Canada - Industrie Canada,http://www.ic.gc.ca/app/scr/registration-inscription/ForgotUsername.html?lang=fra,http://www.ic.gc.ca/app/scr/registration-inscription/ForgotUsername.html?lang=fra,14,20,42,0
,http://ic.gc.ca/app/scr/registration-inscription/home.html,http://ic.gc.ca/app/scr/registration-inscription/home.html,12,26,67,0
,http://www.ic.gc.ca/eic/site/icgc.nsf/fra/h_00023.html,http://www.ic.gc.ca/eic/site/icgc.nsf/fra/h_00023.html,11,11,19,0
"Politique sur l’intégrité scientifique d’ISDE - Innovation, Sciences et Développement économique Canada",http://www.ic.gc.ca/eic/site/icgc.nsf/fra/07669.html,http://www.ic.gc.ca/eic/site/icgc.nsf/fra/07669.html,11,12,122,0
,http://www1.ic.gc.ca/eic/site/icgc.nsf/fra/accueil,http://www1.ic.gc.ca/eic/site/icgc.nsf/fra/accueil,11,18,290,0
Create an account - step 2 of 2 - My ISED Account - ISED,http://www.ic.gc.ca/app/scr/registration-inscription/register.html?lang=eng,http://www.ic.gc.ca/app/scr/registration-inscription/register.html?lang=eng,11,12,63,0
,http://www.ic.gc.ca/app/scr/registration-inscription/Creer.html?lang=fra,http://www.ic.gc.ca/app/scr/registration-inscription/Creer.html?lang=fra,11,19,119,0
Modifiez votre question de récupération du mot de passe - Mon compte à Industrie Canada - Industrie Canada,http://strategis.ic.gc.ca/app/scr/registration-inscription/miseajour/miseajourQuestionSecret.html,http://strategis.ic.gc.ca/app/scr/registration-inscription/miseajour/miseajourQuestionSecret.html,10,11,39,0
Update your account - My ISED Account - ISED,http://oti.ic.gc.ca/app/scr/registration-inscription/update/update.html,http://oti.ic.gc.ca/app/scr/registration-inscription/update/update.html,10,26,20,0
Create an account - step 1 of 2 - My ISED Account - ISED,http://oti.ic.gc.ca/app/scr/registration-inscription/register_email.html,http://oti.ic.gc.ca/app/scr/registration-inscription/register_email.html,10,26,8,0
Update your account - My ISED Account - ISED,http://ic.gc.ca/app/scr/registration-inscription/update/update.html,http://ic.gc.ca/app/scr/registration-inscription/update/update.html,9,17,46,0
,http://www.ic.gc.ca/eic/site/icgc.nsf/fra/00025.html,http://www.ic.gc.ca/eic/site/icgc.nsf/fra/00025.html,9,9,81,0
Access your account - My ISED Account - ISED,http://ito.ic.gc.ca/app/scr/registration-inscription/home.html?lang=eng,http://ito.ic.gc.ca/app/scr/registration-inscription/home.html?lang=eng,9,9,141,0
Access your account - My ISED Account - ISED,http://www.ic.gc.ca/app/scr/registration-inscription/home.html?lang=eng&lang=eng,http://www.ic.gc.ca/app/scr/registration-inscription/home.html?lang=eng&lang=eng,9,14,24,0
"Our organization - Innovation, Science and Economic Development Canada",http://www1.ic.gc.ca/eic/site/icgc.nsf/eng/h_00007.html,http://www1.ic.gc.ca/eic/site/icgc.nsf/eng/h_00007.html,8,11,185,0
"Formulaires, rapports, guides… - Innovation, Sciences et Développement économique Canada",http://www1.ic.gc.ca/eic/site/icgc.nsf/fra/h_07111.html,http://www1.ic.gc.ca/eic/site/icgc.nsf/fra/h_07111.html,8,9,669,0
,http://www.ic.gc.ca/app/scr/cmb-dgcm/poi-pi/mp.html?lang=fra&tpcId=5,http://www.ic.gc.ca/app/scr/cmb-dgcm/poi-pi/mp.html?lang=fra&tpcId=5,8,8,76,0
,http://www.ic.gc.ca/eic/site/icgc.nsf/frm-eng/MMCN-9VEL69,http://www.ic.gc.ca/eic/site/icgc.nsf/frm-eng/MMCN-9VEL69,8,25,132,0
Update your personal information - My ISED Account - ISED,http://oti.ic.gc.ca/app/scr/registration-inscription/update/updatePersonal.html,http://oti.ic.gc.ca/app/scr/registration-inscription/update/updatePersonal.html,7,8,36,0
Access your account - My ISED Account - ISED,http://www.cipo.ic.gc.ca/app/scr/registration-inscription/home.html?lang=eng,http://www.cipo.ic.gc.ca/app/scr/registration-inscription/home.html?lang=eng,7,9,29,0
Download a listing of points of interest for topic: Investments in Canadian Post-Secondary Institutions - Maps - Industry Canada,http://www.ic.gc.ca/app/scr/cmb-dgcm/poi-pi/hm/ccss.html?tpcId=241,http://www.ic.gc.ca/app/scr/cmb-dgcm/poi-pi/hm/ccss.html?tpcId=241,7,9,12,0
,http://www.ic.gc.ca/app/scr/cmb-dgcm/poi-pi/mp.html?lang=eng&tpcId=181,http://www.ic.gc.ca/app/scr/cmb-dgcm/poi-pi/mp.html?lang=eng&tpcId=181,7,11,454,0
Download a listing of points of interest for topic: Industries and business - Maps - Industry Canada,http://www.ic.gc.ca/app/scr/cmb-dgcm/poi-pi/hm/ccss.html?tpcId=5,http://www.ic.gc.ca/app/scr/cmb-dgcm/poi-pi/hm/ccss.html?tpcId=5,7,7,31,0
"Home - Innovation, Science and Economic Development Canada",http://www.ic.gc.ca/eic/site/icgc.nsf/eng/h_00000.html,http://www.ic.gc.ca/eic/site/icgc.nsf/eng/h_00000.html,7,9,32,0
Accéder à votre compte - Mon compte à Industrie Canada - Industrie Canada,http://www.cipo.ic.gc.ca/app/scr/registration-inscription/accueil.html?lang=fra,http://www.cipo.ic.gc.ca/app/scr/registration-inscription/accueil.html?lang=fra,6,9,25,0
,http://www.ic.gc.ca/app/scr/cmb-dgcm/poi-pi/mp.html?lang=eng&tpcId=281,http://www.ic.gc.ca/app/scr/cmb-dgcm/poi-pi/mp.html?lang=eng&tpcId=281,6,9,824,0
"Kimberly Eadie - Innovation, Science and Economic Development Canada",http://www.ic.gc.ca/eic/site/icgc.nsf/courriel/Kimberly_Eadie,http://www.ic.gc.ca/eic/site/icgc.nsf/courriel/Kimberly_Eadie,6,6,19,0
Create an account - step 2 of 2 - My ISED Account - ISED,http://oti.ic.gc.ca/app/scr/registration-inscription/register.html,http://oti.ic.gc.ca/app/scr/registration-inscription/register.html,6,13,108,0
Access your account - My ISED Account - ISED,http://fednor.gc.ca/app/scr/registration-inscription/home.html?lang=eng,http://fednor.gc.ca/app/scr/registration-inscription/home.html?lang=eng,6,8,136,0
,http://ised-lex-web-ui-codebuilddeploy-vrg8-webappbucket-1hoehq6et3u7u.s3.amazonaws.com/www.ic.gc.ca/eic/site/icgc.nsf/eng/home.html,http://ised-lex-web-ui-codebuilddeploy-vrg8-webappbucket-1hoehq6et3u7u.s3.amazonaws.com/www.ic.gc.ca/eic/site/icgc.nsf/eng/home.html,6,12,174,0
Update your personal information - My ISED Account - ISED,http://ic.gc.ca/app/scr/registration-inscription/update/updatePersonal.html,http://ic.gc.ca/app/scr/registration-inscription/update/updatePersonal.html,6,8,29,0
,http://ic.gc.ca/app/scr/registration-inscription/register_email.html,http://ic.gc.ca/app/scr/registration-inscription/register_email.html,6,6,18,0
,http://www.cipo.ic.gc.ca/app/scr/registration-inscription/register_email.html,http://www.cipo.ic.gc.ca/app/scr/registration-inscription/register_email.html,6,9,33,0
,http://www.ic.gc.ca/eic/site/icgc.nsf/eng/07668.html,http://www.ic.gc.ca/eic/site/icgc.nsf/eng/07668.html,6,7,28,0
,http://www.ic.gc.ca/eic/site/icgc.nsf/fra/07133.html,http://www.ic.gc.ca/eic/site/icgc.nsf/fra/07133.html,5,6,32,0
,http://ito.ic.gc.ca/app/scr/registration-inscription/accueil.html?lang=fra,http://ito.ic.gc.ca/app/scr/registration-inscription/accueil.html?lang=fra,5,5,43,0
Create an account - step 1 of 2 - My ISED Account - ISED,http://strategis.ic.gc.ca/app/scr/registration-inscription/register_email.html?lang=eng,http://strategis.ic.gc.ca/app/scr/registration-inscription/register_email.html?lang=eng,5,6,16,0
Accéder à votre compte - Mon compte à Industrie Canada - Industrie Canada,http://ito.ic.gc.ca/app/scr/registration-inscription/home.html?lang=fra,http://ito.ic.gc.ca/app/scr/registration-inscription/home.html?lang=fra,5,6,18,0
Access your account - My ISED Account - ISED,http://fednor.gc.ca/app/scr/registration-inscription/home.html,http://fednor.gc.ca/app/scr/registration-inscription/home.html,5,18,48,0
- Maps - Industry Canada,http://www.ic.gc.ca/app/scr/cmb-dgcm/poi-pi/mp.html?lang=eng&tpcId=261,http://www.ic.gc.ca/app/scr/cmb-dgcm/poi-pi/mp.html?lang=eng&tpcId=261,5,6,100,0
,http://strategis.ic.gc.ca/app/scr/registration-inscription/CreerUnCompteReussi.html?lang=fra,http://strategis.ic.gc.ca/app/scr/registration-inscription/CreerUnCompteReussi.html?lang=fra,4,5,241,0
,http://www.ic.gc.ca/app/scr/registration-inscription/success2.html?lang=fra,http://www.ic.gc.ca/app/scr/registration-inscription/success2.html?lang=fra,4,4,200,0
Create an account - success - My ISED Account - ISED,http://oti.ic.gc.ca/app/scr/registration-inscription/success.html,http://oti.ic.gc.ca/app/scr/registration-inscription/success.html,4,5,165,0
"Programs and initiatives - Innovation, Science and Economic Development Canada",http://www1.ic.gc.ca/eic/site/icgc.nsf/eng/h_07654.html,http://www1.ic.gc.ca/eic/site/icgc.nsf/eng/h_07654.html,4,4,428,0
Intellectual property and copyright - Maps - Industry Canada,http://www.ic.gc.ca/app/scr/cmb-dgcm/poi-pi/mp.html?lang=eng&tpcId=6,http://www.ic.gc.ca/app/scr/cmb-dgcm/poi-pi/mp.html?lang=eng&tpcId=6,4,4,0,0
Indiquez la réponse à votre question de récupération du mot de passe - Mon compte à Industrie Canada - Industrie Canada,http://www.ic.gc.ca/app/scr/registration-inscription/ForgotPasswordGen.html?lang=fra,http://www.ic.gc.ca/app/scr/registration-inscription/ForgotPasswordGen.html?lang=fra,4,4,14,0
Change your challenge question - My ISED Account - ISED,http://oti.ic.gc.ca/app/scr/registration-inscription/update/updateSecretQuestion.html,http://oti.ic.gc.ca/app/scr/registration-inscription/update/updateSecretQuestion.html,4,4,4,0
Change your password - My ISED Account - ISED,http://oti.ic.gc.ca/app/scr/registration-inscription/update/updatePassword.html,http://oti.ic.gc.ca/app/scr/registration-inscription/update/updatePassword.html,4,4,61,0
,http://www.ic.gc.ca/eic/site/ic-gc.nsf/fra/07422.html,http://www.ic.gc.ca/eic/site/ic-gc.nsf/fra/07422.html,4,4,0,0
,http://www.ic.gc.ca/app/scr/cmb-dgcm/poi-pi/mp.html?lang=fra&tpcId=201,http://www.ic.gc.ca/app/scr/cmb-dgcm/poi-pi/mp.html?lang=fra&tpcId=201,4,7,354,0
,http://ito.ic.gc.ca/app/scr/registration-inscription/accueil.html,http://ito.ic.gc.ca/app/scr/registration-inscription/accueil.html,4,4,88,0
,http://ito.ic.gc.ca/app/scr/registration-inscription/home.html,http://ito.ic.gc.ca/app/scr/registration-inscription/home.html,4,7,125,0
,http://www1.ic.gc.ca/eic/site/icgc.nsf/eng/h_07024.html,http://www1.ic.gc.ca/eic/site/icgc.nsf/eng/h_07024.html,4,4,0,0
"Thème science et innovation – Articles promotionnels - Innovation, Sciences et Développement économique Canada",http://www.ic.gc.ca/eic/site/icgc.nsf/frm-fra/MMCN-9VZKNH,http://www.ic.gc.ca/eic/site/icgc.nsf/frm-fra/MMCN-9VZKNH,4,7,430,0
Create an account - success - My ISED Account - ISED,http://strategis.ic.gc.ca/app/scr/registration-inscription/success.html?lang=eng,http://strategis.ic.gc.ca/app/scr/registration-inscription/success.html?lang=eng,3,3,16,0
,http://www.ic.gc.ca/app/scr/registration-inscription/ForgotUsername.html?lang=eng,http://www.ic.gc.ca/app/scr/registration-inscription/ForgotUsername.html?lang=eng,3,4,3,0
,http://www.crc.gc.ca/app/scr/registration-inscription/home.html,http://www.crc.gc.ca/app/scr/registration-inscription/home.html,3,3,0,0
,http://www-ic.fjgc-gccf.gc.ca/eic/site/icgc.nsf/eng/home,http://www-ic.fjgc-gccf.gc.ca/eic/site/icgc.nsf/eng/home,3,3,0,0
,http://www.ic.gc.ca/Users/chris.robertson/Downloads/us.sitesucker.mac.sitesucker/www.ic.gc.ca/eic/site/icgc.nsf/fra/h_07026.html,http://www.ic.gc.ca/Users/chris.robertson/Downloads/us.sitesucker.mac.sitesucker/www.ic.gc.ca/eic/site/icgc.nsf/fra/h_07026.html,3,3,12,0
,http://strategis.ic.gc.ca/app/scr/registration-inscription/register.html?lang=eng,http://strategis.ic.gc.ca/app/scr/registration-inscription/register.html?lang=eng,3,3,541,0
,http://strategis.ic.gc.ca/app/scr/registration-inscription/CreerUnCompte.html?lang=fra,http://strategis.ic.gc.ca/app/scr/registration-inscription/CreerUnCompte.html?lang=fra,3,4,18,0
,http://www.ic.gc.ca/app/scr/cmb-dgcm/poi-pi/hm/ccss.html?lang=eng&tpcId=1,http://www.ic.gc.ca/app/scr/cmb-dgcm/poi-pi/hm/ccss.html?lang=eng&tpcId=1,3,3,4,0
"Carte du site - Innovation, Sciences et Développement économique Canada",http://www.ic.gc.ca/eic/site/icgc.nsf/fra/cartedusite.html,http://www.ic.gc.ca/eic/site/icgc.nsf/fra/cartedusite.html,3,5,141,0
,http://ic.gc.ca/app/scr/registration-inscription/accueil.html?lang=fra,http://ic.gc.ca/app/scr/registration-inscription/accueil.html?lang=fra,3,3,39,0
,http://hults.sdaily.live/eic/site/icgc.nsf/fra/h_07033.html,http://hults.sdaily.live/eic/site/icgc.nsf/fra/h_07033.html,3,3,4,0
"Mandate - Innovation, Science and Economic Development Canada",http://www.nuans.com/eic/site/icgc.nsf/eng/h_00018.html,http://www.nuans.com/eic/site/icgc.nsf/eng/h_00018.html,3,3,0,0
,http://strategis.ic.gc.ca/app/scr/registration-inscription/usernameEmailSuccess.html?lang=eng,http://strategis.ic.gc.ca/app/scr/registration-inscription/usernameEmailSuccess.html?lang=eng,3,3,256,0
,http://www.ic.gc.ca/eic/site/icgc.nsf/mail/ESZO-948R6P,http://www.ic.gc.ca/eic/site/icgc.nsf/mail/ESZO-948R6P,3,4,656,0
Access your account - My ISED Account - ISED,http://corporationscanada.ic.gc.ca/app/scr/registration-inscription/home.html?lang=eng,http://corporationscanada.ic.gc.ca/app/scr/registration-inscription/home.html?lang=eng,3,4,11,0
"À propos de nous - Innovation, Sciences et Développement économique Canada",http://www1.ic.gc.ca/eic/site/icgc.nsf/fra/h_07017.html,http://www1.ic.gc.ca/eic/site/icgc.nsf/fra/h_07017.html,3,3,13,0
Create an account - step 1 of 2 - My ISED Account - ISED,http://corporationscanada.ic.gc.ca/app/scr/registration-inscription/register_email.html,http://corporationscanada.ic.gc.ca/app/scr/registration-inscription/register_email.html,3,3,9,0
,http://www.cipo.ic.gc.ca/app/scr/registration-inscription/register.html,http://www.cipo.ic.gc.ca/app/scr/registration-inscription/register.html,3,4,417,0
Nous avons trouvé votre nom d'utilisateur. - Mon compte à Industrie Canada - Industrie Canada,http://www.ic.gc.ca/app/scr/registration-inscription/usernameEmailSuccess.html?lang=fra,http://www.ic.gc.ca/app/scr/registration-inscription/usernameEmailSuccess.html?lang=fra,3,3,11,0
"Enquiry/Feedback Acknowledgement - Innovation, Science and Economic Development Canada",http://www1.ic.gc.ca/eic/site/icgc.nsf/eng/00281.html,http://www1.ic.gc.ca/eic/site/icgc.nsf/eng/00281.html,3,3,0,0
,http://www.ic.gc.ca/eic/site/icgc.nsf/eng/sitemap.html,http://www.ic.gc.ca/eic/site/icgc.nsf/eng/sitemap.html,3,3,153,0
,http://www.ic.gc.ca/app/scr/cmb-dgcm/poi-pi/hm/ccss.html?tpcId=101,http://www.ic.gc.ca/app/scr/cmb-dgcm/poi-pi/hm/ccss.html?tpcId=101,3,5,11,0
,http://ic.gc.ca/app/scr/registration-inscription/ForgotPasswordGen.html,http://ic.gc.ca/app/scr/registration-inscription/ForgotPasswordGen.html,3,5,16,0
,http://strategis.ic.gc.ca/app/scr/registration-inscription/usernameEmailSuccess.html?lang=fra,http://strategis.ic.gc.ca/app/scr/registration-inscription/usernameEmailSuccess.html?lang=fra,3,3,22,0
"Accueil - Innovation, Sciences et Développement économique Canada",http://www.ic.gc.ca./eic/site/icgc.nsf/fra/accueil,http://www.ic.gc.ca./eic/site/icgc.nsf/fra/accueil,2,3,158,0
Créer un compte - étape 2 de 2 - Mon compte à Industrie Canada - Industrie Canada,http://strategis.ic.gc.ca/app/scr/registration-inscription/Creer.html?lang=fra,http://strategis.ic.gc.ca/app/scr/registration-inscription/Creer.html?lang=fra,2,7,85,0
,http://www.ic.gc.ca/Users/chris.robertson/Downloads/us.sitesucker.mac.sitesucker/www.ic.gc.ca/eic/site/icgc.nsf/eng/home.html,http://www.ic.gc.ca/Users/chris.robertson/Downloads/us.sitesucker.mac.sitesucker/www.ic.gc.ca/eic/site/icgc.nsf/eng/home.html,2,4,13,0
,http://www.ic.gc.ca/app/scr/registration-inscription/ForgotPasswordGen.html?lang=eng,http://www.ic.gc.ca/app/scr/registration-inscription/ForgotPasswordGen.html?lang=eng,2,2,33,0
,http://www.ic.gc.ca/eic/site/icgc.nsf/frm-fra/MMCN-9VEL69,http://www.ic.gc.ca/eic/site/icgc.nsf/frm-fra/MMCN-9VEL69,2,2,1,0
,http://www.consumerinformation.ca/app/scr/registration-inscription/home.html?lang=eng,http://www.consumerinformation.ca/app/scr/registration-inscription/home.html?lang=eng,2,2,11,0
Create an account - step 1 of 2 - My ISED Account - ISED,http://oti.ic.gc.ca/app/scr/registration-inscription/register_email.html?lang=eng,http://oti.ic.gc.ca/app/scr/registration-inscription/register_email.html?lang=eng,2,3,35,0
,http://oti.ic.gc.ca/app/scr/registration-inscription/ForgotPasswordGen.html,http://oti.ic.gc.ca/app/scr/registration-inscription/ForgotPasswordGen.html,2,3,21,0
,http://www.ic.gc.ca/eic/site/icgc.nsf/frm-eng/ESZO-948R6P,http://www.ic.gc.ca/eic/site/icgc.nsf/frm-eng/ESZO-948R6P,2,2,15,0
,http://www.ic.gc.ca/app/scr/cmb-dgcm/poi-pi/mp.html?tpcId=1,http://www.ic.gc.ca/app/scr/cmb-dgcm/poi-pi/mp.html?tpcId=1,2,2,0,0
Download a listing of points of interest for topic: Industries and business - Maps - Industry Canada,http://www.ic.gc.ca/app/scr/cmb-dgcm/poi-pi/hm/ccss.html?lang=eng&tpcId=5,http://www.ic.gc.ca/app/scr/cmb-dgcm/poi-pi/hm/ccss.html?lang=eng&tpcId=5,2,3,10,0
Create an account - step 1 of 2 - My ISED Account - ISED,http://fednor.gc.ca/app/scr/registration-inscription/register_email.html?lang=eng,http://fednor.gc.ca/app/scr/registration-inscription/register_email.html?lang=eng,2,3,18,0
Mettre votre compte à jour - Mon compte à Industrie Canada - Industrie Canada,http://ito.ic.gc.ca/app/scr/registration-inscription/update/update.html,http://ito.ic.gc.ca/app/scr/registration-inscription/update/update.html,2,4,47,0
,http://www1.ic.gc.ca/eic/site/icgc.nsf/eng/h_07033.html,http://www1.ic.gc.ca/eic/site/icgc.nsf/eng/h_07033.html,2,2,1296,0
,http://ito.ic.gc.ca/app/scr/cmb-dgcm/poi-pi/mp.html?lang=eng&tpcId=181,http://ito.ic.gc.ca/app/scr/cmb-dgcm/poi-pi/mp.html?lang=eng&tpcId=181,2,3,3,0
,http://www.ic.gc.ca/app/scr/registration-inscription/home.html?lang=eng\,http://www.ic.gc.ca/app/scr/registration-inscription/home.html?lang=eng\,2,2,78,0
,http://www.ic.gc.ca./eic/site/icgc.nsf/fra/h_00007.html,http://www.ic.gc.ca./eic/site/icgc.nsf/fra/h_00007.html,2,2,0,0
Update your account - My ISED Account - ISED,http://fednor.gc.ca/app/scr/registration-inscription/update/update.html,http://fednor.gc.ca/app/scr/registration-inscription/update/update.html,2,6,32,0
,http://hults.sdaily.live/eic/site/icgc.nsf/fra/accueil,http://hults.sdaily.live/eic/site/icgc.nsf/fra/accueil,2,2,5,0
"Liste : formulaires, reports et guides... - Innovation, Sciences et Développement économique Canada",http://www1.ic.gc.ca/eic/site/icgc.nsf/fra/07128.html,http://www1.ic.gc.ca/eic/site/icgc.nsf/fra/07128.html,2,2,10,0
,http://hults.sdaily.live/eic/site/icgc.nsf/eng/h_07033.html,http://hults.sdaily.live/eic/site/icgc.nsf/eng/h_07033.html,2,2,4,0
,http://hults.sdaily.live/eic/site/icgc.nsf/eng/home,http://hults.sdaily.live/eic/site/icgc.nsf/eng/home,2,2,0,0
,http://corporationscanada.ic.gc.ca/app/scr/registration-inscription/home.html?lang=fra,http://corporationscanada.ic.gc.ca/app/scr/registration-inscription/home.html?lang=fra,2,2,0,0
,http://ito.ic.gc.ca/app/scr/registration-inscription/CreerUnCompte.html?lang=fra,http://ito.ic.gc.ca/app/scr/registration-inscription/CreerUnCompte.html?lang=fra,2,2,0,0
,http://ito.ic.gc.ca/app/scr/registration-inscription/register_email.html?lang=eng,http://ito.ic.gc.ca/app/scr/registration-inscription/register_email.html?lang=eng,2,2,0,0
"Home - Innovation, Science and Economic Development Canada",http://devapache1.ic.gc.ca/eic/site/icgc.nsf/eng/home,http://devapache1.ic.gc.ca/eic/site/icgc.nsf/eng/home,2,2,0,0
"Innovation, Science and Economic Development portfolio - Innovation, Science and Economic Development Canada",http://www1.ic.gc.ca/eic/site/icgc.nsf/eng/h_00022.html,http://www1.ic.gc.ca/eic/site/icgc.nsf/eng/h_00022.html,2,4,179,0
Create an account - success - My ISED Account - ISED,http://corporationscanada.ic.gc.ca/app/scr/registration-inscription/success.html,http://corporationscanada.ic.gc.ca/app/scr/registration-inscription/success.html,2,2,0,0
Create an account - step 2 of 2 - My ISED Account - ISED,http://corporationscanada.ic.gc.ca/app/scr/registration-inscription/register.html,http://corporationscanada.ic.gc.ca/app/scr/registration-inscription/register.html,2,2,207,0
Portail de découverte de projet du PLCN – Projets actuels - Cartes - Industrie Canada,http://www.ic.gc.ca/app/scr/cmb-dgcm/poi-pi/mp.html?lang=fra&tpcId=282,http://www.ic.gc.ca/app/scr/cmb-dgcm/poi-pi/mp.html?lang=fra&tpcId=282,2,2,585,0
Portail de découverte de projet du PLCN – Projets passés - Cartes - Industrie Canada,http://www.ic.gc.ca/app/scr/cmb-dgcm/poi-pi/mp.html?lang=fra&tpcId=281,http://www.ic.gc.ca/app/scr/cmb-dgcm/poi-pi/mp.html?lang=fra&tpcId=281,2,3,96,0
,http://www.cipo.ic.gc.ca/app/scr/registration-inscription/success.html,http://www.cipo.ic.gc.ca/app/scr/registration-inscription/success.html,2,2,127,0
,http://www1.ic.gc.ca/eic/site/icgc.nsf/eng/h_07662.html,http://www1.ic.gc.ca/eic/site/icgc.nsf/eng/h_07662.html,2,2,13,0
We found your username(s) - My ISED Account - ISED,http://www.ic.gc.ca/app/scr/registration-inscription/usernameEmailSuccess.html?lang=eng,http://www.ic.gc.ca/app/scr/registration-inscription/usernameEmailSuccess.html?lang=eng,2,2,225,0
,http://www1.ic.gc.ca/eic/site/icgc.nsf/eng/h_00018.html,http://www1.ic.gc.ca/eic/site/icgc.nsf/eng/h_00018.html,2,2,0,0
"Notre organisation - Innovation, Sciences et Développement économique Canada",http://www1.ic.gc.ca/eic/site/icgc.nsf/fra/h_00007.html,http://www1.ic.gc.ca/eic/site/icgc.nsf/fra/h_00007.html,2,2,51,0
,http://ic.gc.ca/app/scr/registration-inscription/success2.html,http://ic.gc.ca/app/scr/registration-inscription/success2.html,2,2,264,0
Points of Interest Map Administration,http://www.ic.gc.ca/app/scr/cmb-dgcm/poi-pi/hm/fl.html,http://www.ic.gc.ca/app/scr/cmb-dgcm/poi-pi/hm/fl.html,2,3,4,0
,http://oti.ic.gc.ca/app/scr/registration-inscription/usernameEmailSuccess.html,http://oti.ic.gc.ca/app/scr/registration-inscription/usernameEmailSuccess.html,2,2,84,0
"Stay connected - Innovation, Science and Economic Development Canada",http://www1.ic.gc.ca/eic/site/icgc.nsf/eng/h_07031.html,http://www1.ic.gc.ca/eic/site/icgc.nsf/eng/h_07031.html,2,2,0,0
,http://www-ic.fjgc-gccf.gc.ca/eic/site/icgc.nsf/eng/h_00022.html,http://www-ic.fjgc-gccf.gc.ca/eic/site/icgc.nsf/eng/h_00022.html,1,1,0,0
,http://webarchive.bac-lac.gc.ca/wayback/20131002004525/https://www.ic.gc.ca/eic/site/icgc.nsf/eng/h_07026.html,http://webarchive.bac-lac.gc.ca/wayback/20131002004525/https://www.ic.gc.ca/eic/site/icgc.nsf/eng/h_07026.html,1,1,0,0
,http://www.ic.gc.ca/Users/chris.robertson/Downloads/us.sitesucker.mac.sitesucker/www.ic.gc.ca/eic/site/icgc.nsf/eng/00281.html,http://www.ic.gc.ca/Users/chris.robertson/Downloads/us.sitesucker.mac.sitesucker/www.ic.gc.ca/eic/site/icgc.nsf/eng/00281.html,1,1,7,0
,http://www.ic.gc.ca/Users/chris.robertson/Downloads/us.sitesucker.mac.sitesucker/www.ic.gc.ca/eic/site/icgc.nsf/eng/07150.html,http://www.ic.gc.ca/Users/chris.robertson/Downloads/us.sitesucker.mac.sitesucker/www.ic.gc.ca/eic/site/icgc.nsf/eng/07150.html,1,1,8,0
,http://www1.ic.gc.ca/eic/site/icgc.nsf/fra/h_07654.html,http://www1.ic.gc.ca/eic/site/icgc.nsf/fra/h_07654.html,1,1,0,0
,http://www.ic.gc.ca/Users/chris.robertson/Downloads/us.sitesucker.mac.sitesucker/www.ic.gc.ca/eic/site/icgc.nsf/eng/h_07026 copy 2.html,http://www.ic.gc.ca/Users/chris.robertson/Downloads/us.sitesucker.mac.sitesucker/www.ic.gc.ca/eic/site/icgc.nsf/eng/h_07026 copy 2.html,1,1,184,0
,http://www.ic.gc.ca/app/scr/registration-inscription/update/updatePassword.html?lang=eng,http://www.ic.gc.ca/app/scr/registration-inscription/update/updatePassword.html?lang=eng,1,1,2,0
,http://www.ic.gc.ca/app/scr/registration-inscription/home.html?lang=fr,http://www.ic.gc.ca/app/scr/registration-inscription/home.html?lang=fr,1,2,8,0
,http://www.ic.gc.ca/Users/chris.robertson/Downloads/us.sitesucker.mac.sitesucker/www.ic.gc.ca/eic/site/icgc.nsf/eng/07543.html,http://www.ic.gc.ca/Users/chris.robertson/Downloads/us.sitesucker.mac.sitesucker/www.ic.gc.ca/eic/site/icgc.nsf/eng/07543.html,1,1,6,0
Créer un compte - réussi - Mon compte à Industrie Canada - Industrie Canada,http://ic.gc.ca/app/scr/registration-inscription/CreerUnCompteReussi.html,http://ic.gc.ca/app/scr/registration-inscription/CreerUnCompteReussi.html,1,1,0,0
Créer un compte - étape 2 de 2 - Mon compte à Industrie Canada - Industrie Canada,http://ic.gc.ca/app/scr/registration-inscription/Creer.html,http://ic.gc.ca/app/scr/registration-inscription/Creer.html,1,1,78,0
Create an account - success - My ISED Account - ISED,http://www.ic.gc.ca/app/scr/registration-inscription/success.html?lang=eng,http://www.ic.gc.ca/app/scr/registration-inscription/success.html?lang=eng,1,1,190,0
,http://www.ic.gc.ca/app/scr/registration-inscription/miseajour/miseajourMotDePasse.html?lang=fra,http://www.ic.gc.ca/app/scr/registration-inscription/miseajour/miseajourMotDePasse.html?lang=fra,1,1,33,0
,http://www.ic.gc.ca/Users/chris.robertson/Downloads/us.sitesucker.mac.sitesucker/www.ic.gc.ca/eic/site/icgc.nsf/eng/07139.html,http://www.ic.gc.ca/Users/chris.robertson/Downloads/us.sitesucker.mac.sitesucker/www.ic.gc.ca/eic/site/icgc.nsf/eng/07139.html,1,1,5,0
Indiquez la réponse à votre question de récupération du mot de passe - Mon compte à Industrie Canada - Industrie Canada,http://strategis.ic.gc.ca/app/scr/registration-inscription/ForgotPasswordGen.html?lang=fra,http://strategis.ic.gc.ca/app/scr/registration-inscription/ForgotPasswordGen.html?lang=fra,1,1,0,0
"Apropos de la Politique sur l’intégrité scientifique d’ISDE - Innovation, Sciences et Développement économique Canada",http://www.ic.gc.ca/eic/site/icgc.nsf/fra/07668.html,http://www.ic.gc.ca/eic/site/icgc.nsf/fra/07668.html,1,1,0,0
"List: Forms, reports, guides... - Innovation, Science and Economic Development Canada",http://www1.ic.gc.ca/eic/site/icgc.nsf/eng/07128.html,http://www1.ic.gc.ca/eic/site/icgc.nsf/eng/07128.html,1,1,0,0
Mettre votre compte à jour - Mon compte à Industrie Canada - Industrie Canada,http://strategis.ic.gc.ca/app/scr/registration-inscription/miseajour/miseajour.html?lang=fra,http://strategis.ic.gc.ca/app/scr/registration-inscription/miseajour/miseajour.html?lang=fra,1,1,10,0
Access your account - My ISED Account - ISED,http://strategis.ic.gc.ca/app/scr/registration-inscription/home.html?lang,http://strategis.ic.gc.ca/app/scr/registration-inscription/home.html?lang,1,1,82,0
,http://www.consumerinformation.ca/app/scr/registration-inscription/home.html,http://www.consumerinformation.ca/app/scr/registration-inscription/home.html,1,1,25,0
,http://www.consumerinformation.ca/app/scr/registration-inscription/register_email.html,http://www.consumerinformation.ca/app/scr/registration-inscription/register_email.html,1,3,395,0
,http://www.ic.gc.ca/app/scr/cmb-dgcm/poi-pi/hm/ccss.html?lang=fra&tpcId=241,http://www.ic.gc.ca/app/scr/cmb-dgcm/poi-pi/hm/ccss.html?lang=fra&tpcId=241,1,1,0,0
,http://ito.ic.gc.ca/app/scr/registration-inscription/miseajour/miseajourQuestionSecret.html,http://ito.ic.gc.ca/app/scr/registration-inscription/miseajour/miseajourQuestionSecret.html,1,1,126,0
,http://ito.ic.gc.ca/app/scr/registration-inscription/miseajour/miseajourDinfo.html,http://ito.ic.gc.ca/app/scr/registration-inscription/miseajour/miseajourDinfo.html,1,1,1503,0
,http://www.consumerinformation.ca/app/scr/registration-inscription/update/updatePersonal.html,http://www.consumerinformation.ca/app/scr/registration-inscription/update/updatePersonal.html,1,1,31,0
,http://www.ic.gc.ca/Users/chris.robertson/Downloads/us.sitesucker.mac.sitesucker/www.ic.gc.ca/eic/site/icgc.nsf/eng/h_07662.html,http://www.ic.gc.ca/Users/chris.robertson/Downloads/us.sitesucker.mac.sitesucker/www.ic.gc.ca/eic/site/icgc.nsf/eng/h_07662.html,1,1,11,0
,http://webarchive.bac-lac.gc.ca/wayback/20131001221022/http://www.ic.gc.ca/eic/site/icgc.nsf/eng/home,http://webarchive.bac-lac.gc.ca/wayback/20131001221022/http://www.ic.gc.ca/eic/site/icgc.nsf/eng/home,1,2,16,0
,http://webarchive.bac-lac.gc.ca/wayback/20131001221913/http://www.ic.gc.ca/eic/site/icgc.nsf/eng/h_07042.html,http://webarchive.bac-lac.gc.ca/wayback/20131001221913/http://www.ic.gc.ca/eic/site/icgc.nsf/eng/h_07042.html,1,4,234,0
,http://webarchive.bac-lac.gc.ca/wayback/20131001224604/http://www.ic.gc.ca/eic/site/icgc.nsf/eng/h_07111.html,http://webarchive.bac-lac.gc.ca/wayback/20131001224604/http://www.ic.gc.ca/eic/site/icgc.nsf/eng/h_07111.html,1,2,16,0
,http://www.ic.gc.ca/app/scr/registration-inscription/home.html?lang=fra.com,http://www.ic.gc.ca/app/scr/registration-inscription/home.html?lang=fra.com,1,1,0,0
,http://www.ic.gc.ca/Users/chris.robertson/Downloads/us.sitesucker.mac.sitesucker/www.ic.gc.ca/eic/site/icgc.nsf/eng/h_07033.html,http://www.ic.gc.ca/Users/chris.robertson/Downloads/us.sitesucker.mac.sitesucker/www.ic.gc.ca/eic/site/icgc.nsf/eng/h_07033.html,1,1,3,0
,http://www.consumerinformation.ca/app/scr/registration-inscription/update/update.html,http://www.consumerinformation.ca/app/scr/registration-inscription/update/update.html,1,2,18,0
Modifiez votre question de récupération du mot de passe - Mon compte à Industrie Canada - Industrie Canada,http://www.ic.gc.ca/app/scr/registration-inscription/miseajour/miseajourQuestionSecret.html?lang=fra,http://www.ic.gc.ca/app/scr/registration-inscription/miseajour/miseajourQuestionSecret.html?lang=fra,1,1,67,0
,http://www1.ic.gc.ca/eic/site/icgc.nsf/fra/h_07034.html,http://www1.ic.gc.ca/eic/site/icgc.nsf/fra/h_07034.html,1,1,0,0
,http://webarchive.bac-lac.gc.ca/wayback/20131001222317/http://www.ic.gc.ca/eic/site/icgc.nsf/eng/h_07044.html,http://webarchive.bac-lac.gc.ca/wayback/20131001222317/http://www.ic.gc.ca/eic/site/icgc.nsf/eng/h_07044.html,1,1,24,0
,http://wayback.archive-it.org/eic/site/icgc.nsf/eng/home,http://wayback.archive-it.org/eic/site/icgc.nsf/eng/home,1,2,27,0
,http://www.bureaudelaconcurrence.gc.ca/app/scr/cmb-dgcm/poi-pi/hm/ccss.html?lang=fra&tpcId=181,http://www.bureaudelaconcurrence.gc.ca/app/scr/cmb-dgcm/poi-pi/hm/ccss.html?lang=fra&tpcId=181,1,1,0,0
,http://www1.ic.gc.ca/eic/site/icgc.nsf/fra/00281.html,http://www1.ic.gc.ca/eic/site/icgc.nsf/fra/00281.html,1,1,0,0
,http://wayback.archive-it.org/eic/site/icgc.nsf/fra/accueil,http://wayback.archive-it.org/eic/site/icgc.nsf/fra/accueil,1,1,552,0
,http://www.ic.gc.ca/eic/site/icgc.nsf/fra/07045.html,http://www.ic.gc.ca/eic/site/icgc.nsf/fra/07045.html,1,1,0,0
Financing - Maps - Industry Canada,http://www.ic.gc.ca/app/scr/cmb-dgcm/poi-pi/ mp.html?lang=eng&tpcId=1,http://www.ic.gc.ca/app/scr/cmb-dgcm/poi-pi/ mp.html?lang=eng&tpcId=1,1,2,15,0
Accéder à votre compte - Mon compte à Industrie Canada - Industrie Canada,http://www.cipo.ic.gc.ca/app/scr/registration-inscription/home.html?lang=fra,http://www.cipo.ic.gc.ca/app/scr/registration-inscription/home.html?lang=fra,1,1,621,0
,http://oti.ic.gc.ca/app/scr/registration-inscription/success2.html,http://oti.ic.gc.ca/app/scr/registration-inscription/success2.html,1,1,225,0
"Contact Innovation, Science and Economic Development Canada - Innovation, Science and Economic Development Canada",http://www.ic.gc.ca./eic/site/icgc.nsf/eng/h_07026.html,http://www.ic.gc.ca./eic/site/icgc.nsf/eng/h_07026.html,1,1,0,0
Accéder à votre compte - Mon compte à Industrie Canada - Industrie Canada,http://www.cipo.ic.gc.ca/app/scr/registration-inscription/home.html,http://www.cipo.ic.gc.ca/app/scr/registration-inscription/home.html,1,1,133,0
Créer un compte - étape 2 de 2 - Mon compte à Industrie Canada - Industrie Canada,http://www.cipo.ic.gc.ca/app/scr/registration-inscription/Creer.html,http://www.cipo.ic.gc.ca/app/scr/registration-inscription/Creer.html,1,2,43,0
,http://www.ic.gc.ca/eic/site/icgc.nsf/eng/07110.html,http://www.ic.gc.ca/eic/site/icgc.nsf/eng/07110.html,1,2,466,0
,http://www1.ic.gc.ca/eic/site/icgc.nsf/eng/h_07017.html,http://www1.ic.gc.ca/eic/site/icgc.nsf/eng/h_07017.html,1,1,0,0
,http://www1.ic.gc.ca/eic/site/icgc.nsf/eng/h_00019.html,http://www1.ic.gc.ca/eic/site/icgc.nsf/eng/h_00019.html,1,1,0,0
,http://www-ic-gc-ca.acces.bibl.ulaval.ca/eic/site/icgc.nsf/fra/accueil,http://www-ic-gc-ca.acces.bibl.ulaval.ca/eic/site/icgc.nsf/fra/accueil,1,1,0,0
,http://www.ic.gc.ca./eic/site/icgc.nsf/eng/h_00022.html,http://www.ic.gc.ca./eic/site/icgc.nsf/eng/h_00022.html,1,1,644,0
,http://www.ic.gc.ca/eic/site/icgc.nsf/frm-fra/MMCN-A3HMJJ,http://www.ic.gc.ca/eic/site/icgc.nsf/frm-fra/MMCN-A3HMJJ,1,1,0,0
,http://www.ic.gc.ca.acces.bibl.ulaval.ca/eic/site/icgc.nsf/fra/accueil,http://www.ic.gc.ca.acces.bibl.ulaval.ca/eic/site/icgc.nsf/fra/accueil,1,1,0,0
,http://www1.ic.gc.ca/eic/site/icgc.nsf/eng/h_00279.html,http://www1.ic.gc.ca/eic/site/icgc.nsf/eng/h_00279.html,1,1,0,0
Update your personal information - My ISED Account - ISED,http://www.ic.gc.ca/app/scr/registration-inscription/update/updatePersonal.html?lang=eng,http://www.ic.gc.ca/app/scr/registration-inscription/update/updatePersonal.html?lang=eng,1,1,0,0
Odyssée des sciences – Activités - Cartes - Industrie Canada,http://www.ic.gc.ca/app/scr/cmb-dgcm/poi-pi/mp.html?lang=fra&tpcId=121,http://www.ic.gc.ca/app/scr/cmb-dgcm/poi-pi/mp.html?lang=fra&tpcId=121,1,1,0,0
Download a listing of points of interest for topic: NCP Project Discovery Portal – Current Projects - Maps - Industry Canada,http://www.ic.gc.ca/app/scr/cmb-dgcm/poi-pi/hm/ccss.html?tpcId=282,http://www.ic.gc.ca/app/scr/cmb-dgcm/poi-pi/hm/ccss.html?tpcId=282,1,1,57,0
Créer un compte - réussi - Mon compte à Industrie Canada - Industrie Canada,http://www.ic.gc.ca/app/scr/registration-inscription/CreerUnCompteReussi.html?lang=fra,http://www.ic.gc.ca/app/scr/registration-inscription/CreerUnCompteReussi.html?lang=fra,1,1,900,0
,http://www1.ic.gc.ca/eic/site/icgc.nsf/eng/h_07015.html,http://www1.ic.gc.ca/eic/site/icgc.nsf/eng/h_07015.html,1,1,0,0
,http://www1.ic.gc.ca/eic/site/icgc.nsf/eng/h_07016.html,http://www1.ic.gc.ca/eic/site/icgc.nsf/eng/h_07016.html,1,1,0,0
,http://www.crc.gc.ca/app/scr/registration-inscription/home.html?lang=eng,http://www.crc.gc.ca/app/scr/registration-inscription/home.html?lang=eng,1,1,10,0
,http://www1.ic.gc.ca/eic/site/icgc.nsf/eng/h_07661.html,http://www1.ic.gc.ca/eic/site/icgc.nsf/eng/h_07661.html,1,1,0,0
,http://www1.ic.gc.ca/eic/site/icgc.nsf/eng/h_07655.html,http://www1.ic.gc.ca/eic/site/icgc.nsf/eng/h_07655.html,1,1,0,0
Download a listing of points of interest for topic: - Maps - Industry Canada,http://www.ic.gc.ca/app/scr/cmb-dgcm/poi-pi/hm/ccss.html,http://www.ic.gc.ca/app/scr/cmb-dgcm/poi-pi/hm/ccss.html,1,1,0,0
"Internet, radio et sans-fil - Cartes - Industrie Canada",http://www.ic.gc.ca/app/scr/cmb-dgcm/poi-pi/mp.html?lang=fra&tpcId=7,http://www.ic.gc.ca/app/scr/cmb-dgcm/poi-pi/mp.html?lang=fra&tpcId=7,1,1,0,0
,http://fednor.gc.ca/app/scr/registration-inscription/update/updatePersonal.html,http://fednor.gc.ca/app/scr/registration-inscription/update/updatePersonal.html,1,2,13,0
,http://fednor.gc.ca/app/scr/registration-inscription/update/updatePassword.html,http://fednor.gc.ca/app/scr/registration-inscription/update/updatePassword.html,1,1,156,0
"Contact Innovation, Science and Economic Development Canada - Innovation, Science and Economic Development Canada",http://www-ic-gc-ca.proxy.bib.uottawa.ca/eic/site/icgc.nsf/eng/h_07026.html,http://www-ic-gc-ca.proxy.bib.uottawa.ca/eic/site/icgc.nsf/eng/h_07026.html,1,1,208,0
,http://fednor.gc.ca/app/scr/registration-inscription/success2.html,http://fednor.gc.ca/app/scr/registration-inscription/success2.html,1,1,71,0
,http://fednor.gc.ca/app/scr/registration-inscription/ForgotPasswordGen.html,http://fednor.gc.ca/app/scr/registration-inscription/ForgotPasswordGen.html,1,2,5,0
,http://www.ic.gc.ca/app/scr/cmb-dgcm/poi-pi/hm/ccss.html?lang=fra&tpcId=1,http://www.ic.gc.ca/app/scr/cmb-dgcm/poi-pi/hm/ccss.html?lang=fra&tpcId=1,1,2,2,0
,http://ito.ic.gc.ca/app/scr/cmb-dgcm/poi-pi/mp.html?lang=fra&tpcId=1,http://ito.ic.gc.ca/app/scr/cmb-dgcm/poi-pi/mp.html?lang=fra&tpcId=1,1,1,0,0
,http://ito.ic.gc.ca/eic/site/ic-gc.nsf/eng/07398.html,http://ito.ic.gc.ca/eic/site/ic-gc.nsf/eng/07398.html,1,1,0,0
,http://ito.ic.gc.ca/eic/site/ic-gc.nsf/fra/07398.html,http://ito.ic.gc.ca/eic/site/ic-gc.nsf/fra/07398.html,1,1,0,0
,http://web.archive.org/web/20130203102627/http://www.ic.gc.ca/eic/site/icgc.nsf/eng/h_00018.html,http://web.archive.org/web/20130203102627/http://www.ic.gc.ca/eic/site/icgc.nsf/eng/h_00018.html,1,1,0,0
,http://www.ic.gc.ca/eic/site/icgc.nsf/eng/07045.html,http://www.ic.gc.ca/eic/site/icgc.nsf/eng/07045.html,1,1,0,0
,http://ito.ic.gc.ca/app/scr/cmb-dgcm/poi-pi/mp.html?lang=fra&tpcId=181,http://ito.ic.gc.ca/app/scr/cmb-dgcm/poi-pi/mp.html?lang=fra&tpcId=181,1,1,15,0
"Home - Innovation, Science and Economic Development Canada",http://www-ic-gc-ca.proxy.bib.uottawa.ca/eic/site/icgc.nsf/eng/home,http://www-ic-gc-ca.proxy.bib.uottawa.ca/eic/site/icgc.nsf/eng/home,1,5,43,0
"Accueil - Innovation, Sciences et Développement économique Canada",http://www.ic.gc.ca/eic/site/icgc.nsf/fra/accueil����,http://www.ic.gc.ca/eic/site/icgc.nsf/fra/accueil����,1,2,205,0
,http://www.nuans.com/eic/site/icgc.nsf/frm-eng/YDES-8VAL9G,http://www.nuans.com/eic/site/icgc.nsf/frm-eng/YDES-8VAL9G,1,1,0,0
,http://ito.ic.gc.ca/app/scr/registration-inscription/ForgotPasswordGen.html,http://ito.ic.gc.ca/app/scr/registration-inscription/ForgotPasswordGen.html,1,1,33,0
We found your username(s) - My ISED Account - ISED,http://ic.gc.ca/app/scr/registration-inscription/usernameEmailSuccess.html,http://ic.gc.ca/app/scr/registration-inscription/usernameEmailSuccess.html,1,1,78,0
"Home - Innovation, Science and Economic Development Canada",http://s3.amazonaws.com/lex-web-ui-codebuilddeploy-9in2m24lr-webappbucket-27fcjufokzio/www.ic.gc.ca/eic/site/icgc.nsf/eng/home.html,http://s3.amazonaws.com/lex-web-ui-codebuilddeploy-9in2m24lr-webappbucket-27fcjufokzio/www.ic.gc.ca/eic/site/icgc.nsf/eng/home.html,1,2,386,0
"Home - Innovation, Science and Economic Development Canada",http://s3.amazonaws.com/ised-lex-web-ui-pipe-pipeline-2uiogg-webappbucket-ihtkgy7w2vl4/www.ic.gc.ca/eic/site/icgc.nsf/eng/home.html,http://s3.amazonaws.com/ised-lex-web-ui-pipe-pipeline-2uiogg-webappbucket-ihtkgy7w2vl4/www.ic.gc.ca/eic/site/icgc.nsf/eng/home.html,1,14,482,0
,http://nyberg.cheads.site/eic/site/icgc.nsf/fra/accueil,http://nyberg.cheads.site/eic/site/icgc.nsf/fra/accueil,1,1,0,0
,http://www.nuans.com/eic/site/icgc.nsf/eng/h_07016.html,http://www.nuans.com/eic/site/icgc.nsf/eng/h_07016.html,1,1,0,0
Inclusive Innovation Agenda Engagement Sessions - Maps - Industry Canada,http://oti.ic.gc.ca/app/scr/cmb-dgcm/poi-pi/mp.html?lang=eng&tpcId=181,http://oti.ic.gc.ca/app/scr/cmb-dgcm/poi-pi/mp.html?lang=eng&tpcId=181,1,2,219,0
,http://www.ito.ic.gc.ca/app/scr/registration-inscription/accueil.html,http://www.ito.ic.gc.ca/app/scr/registration-inscription/accueil.html,1,1,0,0
,http://www.ito.ic.gc.ca/app/scr/registration-inscription/home.html?lang=fra,http://www.ito.ic.gc.ca/app/scr/registration-inscription/home.html?lang=fra,1,1,0,0
,http://www1.ic.gc.ca/eic/site/ic-gc.nsf/eng/07398.html,http://www1.ic.gc.ca/eic/site/ic-gc.nsf/eng/07398.html,1,1,0,0
,http://www.competitionbureau.gc.ca/app/scr/registration-inscription/accueil.html,http://www.competitionbureau.gc.ca/app/scr/registration-inscription/accueil.html,1,1,0,0
,http://www.competitionbureau.gc.ca/app/scr/registration-inscription/accueil.html?lang=fra,http://www.competitionbureau.gc.ca/app/scr/registration-inscription/accueil.html?lang=fra,1,1,27,0
,http://fednor.gc.ca/app/scr/registration-inscription/register.html,http://fednor.gc.ca/app/scr/registration-inscription/register.html,1,5,142,0
,http://fednor.gc.ca/app/scr/registration-inscription/success.html,http://fednor.gc.ca/app/scr/registration-inscription/success.html,1,1,0,0
"Nos ministres - Innovation, Sciences et Développement économique Canada",http://www1.ic.gc.ca/eic/site/icgc.nsf/fra/h_00279.html,http://www1.ic.gc.ca/eic/site/icgc.nsf/fra/h_00279.html,1,1,0,0
"Les agences de développement régional du Canada - Innovation, Sciences et Développement économique Canada",http://www1.ic.gc.ca/eic/site/icgc.nsf/fra/h_07662.html,http://www1.ic.gc.ca/eic/site/icgc.nsf/fra/h_07662.html,1,1,0,0
"Hauts fonctionnaires et les secteurs - Innovation, Sciences et Développement économique Canada",http://www1.ic.gc.ca/eic/site/icgc.nsf/fra/h_00019.html,http://www1.ic.gc.ca/eic/site/icgc.nsf/fra/h_00019.html,1,1,0,0
,http://www1.ic.gc.ca/eic/site/icgc.nsf/fra/h_07024.html,http://www1.ic.gc.ca/eic/site/icgc.nsf/fra/h_07024.html,1,1,569,0
,http://www.cirb-ccri.gc.ca/app/scr/registration-inscription/register.html,http://www.cirb-ccri.gc.ca/app/scr/registration-inscription/register.html,1,1,9,0
,http://www.cirb-ccri.gc.ca/app/scr/registration-inscription/register_email.html?lang=eng,http://www.cirb-ccri.gc.ca/app/scr/registration-inscription/register_email.html?lang=eng,1,2,10,0
,http://www.bureaudelaconcurrence.gc.ca/app/scr/registration-inscription/accueil.html,http://www.bureaudelaconcurrence.gc.ca/app/scr/registration-inscription/accueil.html,1,1,7,0
,http://ic.gc.ca/app/scr/registration-inscription/update/updatePassword.html,http://ic.gc.ca/app/scr/registration-inscription/update/updatePassword.html,1,2,274,0
- Maps - Industry Canada,http://www.ic.gc.ca/app/scr/cmb-dgcm/poi-pi/mp.html?lang=eng&tpcId=9,http://www.ic.gc.ca/app/scr/cmb-dgcm/poi-pi/mp.html?lang=eng&tpcId=9,1,1,0,0
"Subscribe to receive newsletters and email updates - Innovation, Science and Economic Development Canada",http://www1.ic.gc.ca/eic/site/icgc.nsf/eng/h_07034.html,http://www1.ic.gc.ca/eic/site/icgc.nsf/eng/h_07034.html,1,2,126,0
Créer un compte - étape 1 de 2 - Mon compte à Industrie Canada - Industrie Canada,http://www.competitionbureau.gc.ca/app/scr/registration-inscription/CreerUnCompte.html?lang=fra,http://www.competitionbureau.gc.ca/app/scr/registration-inscription/CreerUnCompte.html?lang=fra,1,1,0,0
Download a listing of points of interest for topic: - Maps - Industry Canada,http://www.ic.gc.ca/app/scr/cmb-dgcm/poi-pi/hm/ccss.html?lang=eng&tpcId=9,http://www.ic.gc.ca/app/scr/cmb-dgcm/poi-pi/hm/ccss.html?lang=eng&tpcId=9,1,1,0,0
